Date,Open,High,Low,Close,Adj Close,Volume
21/11/2018,12.49,13.37,12.3,12.75,11.553782,8752527
22/11/2018,12.85,12.91,12.21,12.75,11.553782,5673815
23/11/2018,12.75,12.85,12.62,12.84,11.635339,5474121
26/11/2018,12.84,13.3,12.72,13.11,11.880008,5085525
27/11/2018,13.05,13.13,12.75,12.89,11.680649,6747945
28/11/2018,12.12,12.74,12.06,12.7,11.508474,10082053
29/11/2018,12.56,12.66,12.25,12.39,11.227559,8038728
30/11/2018,12.02,12.17,11.71,11.71,10.611357,15507962
3/12/2018,11.53,11.64,11.26,11.62,10.529799,7041600
4/12/2018,11.4,11.59,11.4,11.49,10.411996,10601215
5/12/2018,11.35,12.08,11.34,11.82,10.711036,8646218
6/12/2018,11.55,12.13,11.55,12.1,10.964768,4583350
7/12/2018,12.05,12.78,12.03,12.6,11.417856,9192109
10/12/2018,12.46,12.585,12.33,12.49,11.318176,5910984
11/12/2018,12.27,12.415,12.1,12.41,11.245683,5395786
12/12/2018,12.37,12.45,12.1,12.23,11.08257,7801056
13/12/2018,12.22,12.3,11.99,12.1,10.964768,3975657
14/12/2018,11.81,11.89,11.71,11.72,10.620419,5113674
17/12/2018,11.65,12.09,11.61,11.93,10.810716,4120952
18/12/2018,11.78,12.035,11.71,11.72,10.620419,3725823
19/12/2018,11.61,11.835,11.56,11.82,10.711036,4364977
20/12/2018,12,12.28,11.85,12.05,10.919457,6923134
21/12/2018,12,12.125,11.46,11.61,10.520738,6351418
24/12/2018,11.49,11.7,11.34,11.7,10.602294,1445445
27/12/2018,11.8,11.84,11.65,11.77,10.665728,2216127
28/12/2018,11.7,12,11.7,12,10.874149,1605489
31/12/2018,12,12.04,11.74,11.74,10.638542,1333311
2/01/2019,11.75,11.88,11.71,11.71,10.611357,1098216
3/01/2019,11.71,12,11.71,11.99,10.865088,1599882
4/01/2019,11.81,11.88,11.71,11.81,10.701974,2127786
7/01/2019,11.91,11.98,11.65,11.71,10.611357,2266452
8/01/2019,11.6,11.77,11.46,11.72,10.620419,3262339
9/01/2019,11.76,11.85,11.67,11.85,10.738222,3009235
10/01/2019,11.92,11.95,11.57,11.66,10.566047,4299196
11/01/2019,11.6,11.68,11.5,11.53,10.448243,3018688
14/01/2019,11.53,11.89,11.5,11.89,10.774468,2914418
15/01/2019,11.78,11.83,11.6,11.76,10.656665,3237995
16/01/2019,11.75,11.99,11.7,11.88,10.765407,2658982
17/01/2019,11.83,12.1,11.79,12.08,10.946643,3841166
18/01/2019,12.05,12.36,12.05,12.32,11.164125,3555168
21/01/2019,12.48,12.695,12.45,12.66,11.472227,3098029
22/01/2019,12.6,12.79,12.51,12.74,11.54472,2082084
23/01/2019,12.73,12.74,12.51,12.59,11.408793,4244315
24/01/2019,12.5,12.53,12.29,12.45,11.281928,3918229
25/01/2019,12.41,12.81,12.37,12.75,11.553782,2524424
29/01/2019,12.63,12.65,12.51,12.59,11.408793,4137948
30/01/2019,12.55,12.76,12.51,12.75,11.553782,7627636
31/01/2019,12.66,12.705,12.49,12.51,11.336301,3365225
1/02/2019,12.51,12.69,12.5,12.6,11.417856,2403879
4/02/2019,12.6,12.7,12.48,12.59,11.408793,1599385
5/02/2019,12.6,12.765,12.54,12.73,11.535658,2674544
6/02/2019,12.48,12.6,12.37,12.41,11.245683,5988786
7/02/2019,12.38,12.38,12.085,12.27,11.118818,4491267
8/02/2019,12.2,12.39,12.1,12.39,11.227559,2600859
11/02/2019,12.38,12.45,12.28,12.41,11.245683,1584247
12/02/2019,12.25,12.335,12.2,12.26,11.109756,3474739
13/02/2019,12.3,12.35,12.1,12.26,11.109756,4323911
14/02/2019,12.31,12.6,12.29,12.5,11.327239,2321669
15/02/2019,12.45,12.6,12.39,12.6,11.417856,2229398
18/02/2019,12.6,12.65,12.5,12.59,11.408793,1600572
19/02/2019,12.13,12.44,12.08,12.08,10.946643,10815318
20/02/2019,11.87,11.87,11.32,11.37,10.303255,8992605
21/02/2019,11.27,11.34,11.12,11.34,10.27607,8248226
22/02/2019,11.23,11.54,11.205,11.53,10.448243,6101503
25/02/2019,11.5,11.53,11.33,11.46,10.384812,5619601
26/02/2019,11.36,11.57,11.36,11.55,10.466369,3853484
27/02/2019,11.45,11.55,11.415,11.53,10.448243,3207987
28/02/2019,11.45,11.46,11.31,11.33,10.267008,7435078
1/03/2019,11.38,11.425,11.32,11.39,10.321379,2584597
4/03/2019,11.4,11.435,11.355,11.4,10.33044,1916073
5/03/2019,11.25,11.43,11.22,11.38,10.312316,3178866
6/03/2019,11.32,11.395,11.29,11.38,10.312316,8521062
7/03/2019,11.38,11.695,11.37,11.55,10.466369,7761328
8/03/2019,11.44,11.54,11.37,11.42,10.348565,4363770
11/03/2019,11.42,11.42,11.25,11.28,10.221699,2583331
12/03/2019,11.35,11.415,11.155,11.23,10.17639,2916652
13/03/2019,11.19,11.44,11.13,11.38,10.312316,3801270
14/03/2019,11.32,11.37,11.18,11.25,10.194513,4230194
15/03/2019,11.25,11.45,11.24,11.45,10.375751,7617288
18/03/2019,11.45,11.52,11.34,11.45,10.375751,2127449
19/03/2019,11.38,11.44,11.33,11.38,10.312316,5321735
20/03/2019,11.43,11.71,11.4,11.66,10.566047,3820282
21/03/2019,11.53,11.6,11.45,11.58,10.493554,4837646
22/03/2019,11.58,11.7,11.55,11.68,10.584171,2867253
25/03/2019,11.65,11.715,11.6,11.7,10.602294,1722992
26/03/2019,11.72,12.07,11.72,11.96,10.837902,6444969
27/03/2019,11.88,11.91,11.7,11.89,10.774468,2588527
28/03/2019,11.85,11.87,11.57,11.83,10.720098,4566526
29/03/2019,11.8,11.87,11.76,11.85,10.738222,4389880
1/04/2019,11.86,12.05,11.86,12.02,10.892271,3030221
2/04/2019,11.99,12.1,11.91,12.08,10.946643,2095249
3/04/2019,12.1,12.24,12.06,12.2,11.055385,2875527
4/04/2019,12.15,12.19,12.1,12.18,11.037261,1864190
5/04/2019,12.1,12.18,12.02,12.12,10.982891,2115434
8/04/2019,12.18,12.24,12.13,12.21,11.064445,1868419
9/04/2019,12.18,12.27,12.17,12.24,11.091632,1924658
10/04/2019,12.23,12.3,12.165,12.21,11.064445,1641165
11/04/2019,12.19,12.25,12.085,12.1,10.964768,1511750
12/04/2019,12.15,12.29,12.06,12.29,11.136942,2069196
15/04/2019,12.28,12.44,12.245,12.42,11.254744,1982221
16/04/2019,12.33,12.54,12.33,12.51,11.336301,1945182
17/04/2019,12.45,12.5,12.32,12.4,11.23662,2134528
18/04/2019,12.48,12.52,12.355,12.45,11.281928,1515390
23/04/2019,12.45,12.52,12.37,12.45,11.281928,2069110
24/04/2019,12.49,12.6,12.45,12.54,11.363485,3286450
26/04/2019,12.56,12.65,12.52,12.6,11.417856,2044796
29/04/2019,12.61,12.7,12.555,12.64,11.454103,2114239
30/04/2019,12.65,12.7,12.57,12.61,11.426917,2077306
1/05/2019,12.67,12.68,12.45,12.65,11.463164,1481499
2/05/2019,12.6,12.7,12.51,12.6,11.417856,2232078
3/05/2019,12.61,12.69,12.54,12.66,11.472227,1361911
6/05/2019,12.56,12.7,12.46,12.64,11.454103,1936760
7/05/2019,12.66,12.85,12.61,12.81,11.608154,1879788
8/05/2019,12.75,12.81,12.69,12.74,11.54472,1438994
9/05/2019,12.62,12.75,12.62,12.71,11.517536,1693752
10/05/2019,12.65,12.77,12.64,12.7,11.508474,2305461
13/05/2019,12.64,12.85,12.64,12.77,11.571907,1358493
14/05/2019,12.65,12.8,12.61,12.65,11.463164,1517073
15/05/2019,12.61,12.68,12.52,12.63,11.445042,1755370
16/05/2019,12.6,12.64,12.5,12.57,11.390671,2801204
17/05/2019,12.75,12.96,12.7,12.93,11.716896,2867644
20/05/2019,12.93,13,12.82,12.92,11.707834,2165016
21/05/2019,12.84,13.12,12.82,13.04,11.816574,3723111
22/05/2019,13,13.12,12.92,12.93,11.716896,4541790
23/05/2019,13,13,12.79,12.87,11.662523,1822735
24/05/2019,12.75,12.83,12.41,12.43,11.263805,4260304
27/05/2019,12.4,12.54,12.34,12.5,11.327239,2248917
28/05/2019,12.5,12.6,12.45,12.57,11.390671,4267566
29/05/2019,12.57,12.71,12.555,12.58,11.399732,1532891
30/05/2019,12.63,12.7,12.48,12.53,11.354423,2697507
31/05/2019,12.48,12.54,12.4,12.45,11.281928,3176402
3/06/2019,12.33,12.55,12.32,12.54,11.363485,2209188
4/06/2019,12.56,12.74,12.52,12.65,11.463164,3068356
5/06/2019,12.71,12.75,12.67,12.74,11.54472,2271853
6/06/2019,12.71,12.78,12.6,12.65,11.463164,1849817
7/06/2019,12.7,12.95,12.65,12.94,11.725956,2227512
11/06/2019,12.94,13.01,12.9,12.99,11.771266,2327915
12/06/2019,13.05,13.26,13.02,13.21,11.970626,2072645
13/06/2019,13.24,13.3,13.12,13.17,11.934379,1823238
14/06/2019,13.16,13.16,12.94,13.01,11.789389,2083423
17/06/2019,12.93,12.95,12.77,12.77,11.571907,3024497
18/06/2019,13.05,13.69,12.85,13.21,11.970626,8200189
19/06/2019,13.41,13.83,13.39,13.78,12.487147,6659962
20/06/2019,13.95,14.04,13.81,13.83,12.532456,6001577
21/06/2019,13.75,13.8,13.42,13.42,12.160923,8149574
24/06/2019,13.4,13.4,13,13.11,11.880008,3959546
25/06/2019,13.18,13.24,12.91,13.06,11.834699,3793736
26/06/2019,13.03,13.245,12.99,13.22,11.979688,3064391
27/06/2019,13.16,13.37,13.16,13.33,12.079368,2451355
28/06/2019,13.3,13.56,13.27,13.35,12.09749,3798640
1/07/2019,13.44,13.59,13.23,13.23,11.988749,2662849
2/07/2019,13.24,13.48,13.24,13.37,12.115614,2138825
3/07/2019,13.35,13.73,13.3,13.65,12.369345,2074048
4/07/2019,13.66,13.75,13.59,13.65,12.369345,1635210
5/07/2019,13.69,13.85,13.68,13.75,12.459963,1582786
8/07/2019,13.69,13.79,13.62,13.65,12.369345,920224
9/07/2019,13.75,13.93,13.73,13.92,12.614013,1777824
10/07/2019,13.93,14.12,13.89,14.03,12.713692,2402141
11/07/2019,14,14.065,13.82,13.89,12.586827,2216272
12/07/2019,13.95,14.05,13.85,13.97,12.659323,2064153
15/07/2019,13.9,13.95,13.75,13.84,12.541518,2124524
16/07/2019,13.88,13.95,13.79,13.86,12.559642,2030563
17/07/2019,13.85,14.05,13.84,14.01,12.695569,1356653
18/07/2019,13.98,14.035,13.92,13.96,12.650261,1648186
19/07/2019,13.91,14.09,13.88,13.93,12.623075,1620603
22/07/2019,13.9,13.94,13.63,13.72,12.432777,2981651
23/07/2019,13.72,13.85,13.68,13.83,12.532456,1557384
24/07/2019,13.86,14.02,13.85,13.98,12.668383,2458969
25/07/2019,14.07,14.23,14.045,14.19,12.85868,2424383
26/07/2019,14.18,14.275,14.095,14.17,12.840558,2779022
29/07/2019,14.31,14.35,14.165,14.23,12.894929,1806832
30/07/2019,14.29,14.38,14.26,14.31,12.967422,1302528
31/07/2019,14.31,14.39,14.19,14.2,12.867743,6562270
1/08/2019,14.02,14.18,13.93,14.05,12.731816,2579302
2/08/2019,14.1,14.15,13.98,14.02,12.704631,1849539
5/08/2019,14,14.02,13.905,13.91,12.604951,508855
6/08/2019,13.5,13.65,13.35,13.54,12.269665,4226758
7/08/2019,13.55,13.78,13.545,13.72,12.432777,2358329
8/08/2019,13.6,13.67,13.51,13.61,12.333097,2945543
9/08/2019,13.64,13.69,13.465,13.52,12.251541,4825433
12/08/2019,13.52,13.6,13.49,13.57,12.296849,1785444
13/08/2019,13.5,13.62,13.42,13.5,12.233418,1945059
14/08/2019,13.56,13.58,13.48,13.55,12.278726,1932381
15/08/2019,13.38,13.4,13.15,13.15,11.916254,2934661
16/08/2019,13.16,13.25,13.14,13.14,11.907192,2236069
19/08/2019,13.25,13.38,13.17,13.2,11.961563,1676982
20/08/2019,13.2,13.26,13.105,13.23,11.988749,4536163
21/08/2019,13.2,13.39,13.17,13.24,11.997811,3025049
22/08/2019,13.52,13.84,13.5,13.52,12.251541,4538093
23/08/2019,13.6,13.905,13.6,13.84,12.541518,4471811
26/08/2019,13.73,13.77,13.62,13.66,12.378406,2993258
27/08/2019,13.6,13.66,13.47,13.56,12.287788,3036021
28/08/2019,13.2,13.48,13.13,13.42,12.26494,6845495
29/08/2019,13.45,13.69,13.38,13.62,12.447726,3107310
30/08/2019,13.74,13.93,13.67,13.84,12.64879,2880423
2/09/2019,13.8,13.94,13.73,13.89,12.694488,1988449
3/09/2019,13.9,14.175,13.86,14.15,12.932109,2724174
4/09/2019,13.96,14.22,13.95,14.22,12.996084,3787375
5/09/2019,14.26,14.66,14.255,14.66,13.398213,3632088
6/09/2019,14.65,14.75,14.62,14.69,13.425631,4151569
9/09/2019,14.71,14.78,14.65,14.71,13.44391,2044221
10/09/2019,14.71,14.77,14.65,14.77,13.498746,2437455
11/09/2019,14.73,14.9,14.68,14.9,13.617557,3832141
12/09/2019,14.98,15.16,14.82,14.85,13.57186,3362346
13/09/2019,14.85,14.925,14.6,14.67,13.407352,3291530
16/09/2019,14.55,14.75,14.51,14.75,13.480468,2722946
17/09/2019,14.69,14.78,14.65,14.78,13.507885,2900907
18/09/2019,14.86,14.9,14.58,14.67,13.407352,3202483
19/09/2019,14.8,14.97,14.71,14.97,13.681531,8760028
20/09/2019,15.06,15.11,14.7,14.78,13.507885,5328327
23/09/2019,14.87,15.01,14.82,15,13.708949,2608215
24/09/2019,15.03,15.37,14.96,15.37,14.047103,3878933
25/09/2019,15.22,15.29,15.01,15.12,13.818621,2957154
26/09/2019,15.18,15.24,15.015,15.15,13.846038,2472879
27/09/2019,15.26,15.33,15.18,15.27,13.955711,5009243
30/09/2019,15.3,15.56,15.24,15.4,14.07452,2378147
1/10/2019,15.44,15.61,15.355,15.57,14.229889,2559662
2/10/2019,15.53,15.55,15.21,15.24,13.928291,4840567
3/10/2019,14.95,15.09,14.86,14.94,13.654113,3815162
4/10/2019,14.94,14.96,14.81,14.9,13.617557,2094288
7/10/2019,14.93,15.06,14.93,15.06,13.763784,3758486
8/10/2019,15.23,15.4,15.17,15.28,13.964849,3973696
9/10/2019,15.12,15.18,15.08,15.09,13.791203,2977926
10/10/2019,15.13,15.23,15.05,15.2,13.891735,1859131
11/10/2019,15.3,15.37,15.23,15.37,14.047103,1752633
14/10/2019,15.4,15.42,15.19,15.19,13.882595,2186234
15/10/2019,15.17,15.33,15.16,15.26,13.946571,2219077
16/10/2019,15.48,15.49,15.34,15.4,14.07452,3493993
17/10/2019,15.38,15.39,15.2,15.25,13.937431,2876745
18/10/2019,15.16,15.18,14.95,15,13.708949,2447489
21/10/2019,14.97,15.005,14.88,14.95,13.663252,2459236
22/10/2019,15.03,15.07,14.9,14.94,13.654113,2266032
23/10/2019,14.9,14.98,14.78,14.97,13.681531,2845098
24/10/2019,15.09,15.13,14.885,14.95,13.663252,1654734
25/10/2019,15.03,15.04,14.95,14.96,13.672392,2216640
28/10/2019,14.82,14.83,14.55,14.56,13.30682,3453949
29/10/2019,14.67,15.06,14.66,15.01,13.718088,2873391
30/10/2019,14.98,15.07,14.775,14.84,13.562721,2400077
31/10/2019,14.92,15.02,14.81,14.99,13.699809,2851308
1/11/2019,14.9,15.03,14.83,15.02,13.727228,1408621
4/11/2019,15.05,15.15,14.94,14.99,13.699809,1315421
5/11/2019,15.05,15.07,14.92,14.99,13.699809,954356
6/11/2019,14.99,15.08,14.9,14.94,13.654113,1606496
7/11/2019,15.01,15.29,15,15.28,13.964849,2285566
8/11/2019,15.28,15.28,15.11,15.25,13.937431,1560410
11/11/2019,15.28,15.49,15.21,15.44,14.111078,1300077
12/11/2019,15.49,15.53,15.39,15.53,14.193332,1909826
13/11/2019,15.55,15.59,15.09,15.16,13.855178,3043835
14/11/2019,15.28,15.48,15.21,15.44,14.111078,1496120
15/11/2019,15.48,15.74,15.45,15.65,14.303003,2089479
18/11/2019,15.69,15.72,15.54,15.67,14.321281,1605421
19/11/2019,15.64,15.77,15.56,15.72,14.366979,1780744
20/11/2019,15.57,15.79,15.56,15.68,14.330422,2279758
21/11/2019,15.5,15.74,15.475,15.71,14.35784,2950910
22/11/2019,15.66,15.75,15.48,15.63,14.284725,1893035
25/11/2019,15.68,15.73,15.55,15.68,14.330422,1326574
26/11/2019,15.75,16.17,15.75,16.17,14.778246,8380140
27/11/2019,16.139999,16.370001,16.120001,16.34,14.933616,1772653
28/11/2019,16.5,16.6,16.23,16.24,14.842222,1755564
29/11/2019,16.18,16.360001,16.18,16.26,14.8605,2163004
2/12/2019,16.18,16.48,16.18,16.35,14.942754,2291637
3/12/2019,16.07,16.190001,15.63,15.67,14.321281,2372463
4/12/2019,15.4,15.48,15.17,15.22,13.910013,3158883
5/12/2019,15.42,15.5,15.15,15.35,14.028825,2465455
6/12/2019,15.32,15.36,15.2,15.26,13.946571,1283106
9/12/2019,15.3,15.355,15.21,15.3,13.983129,1336233
10/12/2019,15.25,15.28,15.1,15.19,13.882595,2614635
11/12/2019,15.19,15.36,15.14,15.3,13.983129,1633865
12/12/2019,15.23,15.26,15.12,15.19,13.882595,3454594
13/12/2019,15.15,15.16,15,15.09,13.791203,1984910
16/12/2019,15.1,15.35,15.1,15.23,13.919153,2673441
17/12/2019,15.23,15.43,15.23,15.32,14.001407,1779244
18/12/2019,15.44,15.49,15.3,15.31,13.992268,2940963
19/12/2019,15.42,15.49,15.3,15.37,14.047103,4204377
20/12/2019,15.41,15.49,15.295,15.36,14.037964,3946367
23/12/2019,15.38,15.49,15.31,15.43,14.101939,825218
24/12/2019,15.37,15.37,15.2,15.25,13.937431,512682
27/12/2019,15.23,15.35,15.185,15.33,14.010546,998163
30/12/2019,15.35,15.38,15.27,15.34,14.019686,606014
31/12/2019,15.18,15.2,14.84,14.84,13.562721,1295189
2/01/2020,14.84,15.125,14.84,15.02,13.727228,1103743
3/01/2020,15.22,15.26,14.97,15.03,13.736366,1052276
6/01/2020,14.96,14.99,14.82,14.98,13.690669,1817920
7/01/2020,15.08,15.24,15.06,15.2,13.891735,1795719
8/01/2020,15.23,15.24,14.98,15.2,13.891735,1328031
9/01/2020,15.28,15.32,15.12,15.22,13.910013,4860134
10/01/2020,15.37,15.66,15.33,15.66,14.312142,3188374
13/01/2020,15.35,15.53,15.27,15.47,14.138496,1106823
14/01/2020,15.6,15.88,15.5,15.69,14.33956,3947789
15/01/2020,15.73,15.73,15.5,15.63,14.284725,4568288
16/01/2020,15.78,16.030001,15.74,15.87,14.504067,4251956
17/01/2020,15.88,15.97,15.86,15.92,14.549765,1402713
20/01/2020,15.94,16,15.87,15.93,14.558905,2027028
21/01/2020,15.95,16.129999,15.94,16.129999,14.741689,2043668
22/01/2020,16.309999,16.620001,16.27,16.620001,15.189515,4605611
23/01/2020,16.65,16.690001,16.190001,16.299999,14.897058,5647806
24/01/2020,16.459999,16.49,16.299999,16.299999,14.897058,1735948
28/01/2020,16.01,16.41,15.96,16.309999,14.906198,2378244
29/01/2020,16.4,16.5,16.33,16.33,14.924477,1952615
30/01/2020,16.33,16.43,16.23,16.360001,14.951895,2463620
31/01/2020,16.48,16.549999,16.41,16.549999,15.12554,4008984
3/02/2020,16.4,16.549999,16.33,16.5,15.079844,1858041
4/02/2020,16.629999,16.82,16.495001,16.809999,15.363162,4199407
5/02/2020,17,17.02,16.65,16.65,15.216931,4593584
6/02/2020,16.969999,16.969999,16.469999,16.629999,15.198654,4357342
7/02/2020,16.950001,17.059999,16.780001,16.9,15.445415,4722711
10/02/2020,17,17.084999,16.915001,17.040001,15.573365,2116628
11/02/2020,17.190001,17.25,17.120001,17.17,15.692178,1846463
12/02/2020,17.200001,17.24,17.1,17.18,15.701317,1993925
13/02/2020,17.17,17.17,17,17.1,15.628201,2910703
14/02/2020,17.129999,17.139999,16.959999,16.98,15.518528,2434586
17/02/2020,16.940001,17,16.83,16.91,15.454555,1612968
18/02/2020,16.799999,17.01,16.66,16.75,15.308328,2194052
19/02/2020,16.059999,16.209999,15.96,16.040001,14.659437,74390694
20/02/2020,16.15,16.25,16.125,16.15,14.759969,12463799
21/02/2020,16.16,16.200001,15.98,15.98,14.6046,4981711
24/02/2020,15.93,15.95,15.65,15.65,14.303003,6206141
25/02/2020,15.31,15.51,15.27,15.46,14.129356,6279193
26/02/2020,15.25,15.36,15.1,15.21,13.900874,8154863
27/02/2020,14.87,14.97,14.555,14.67,13.677118,9313629
28/02/2020,14.26,14.38,14.18,14.21,13.248252,8486140
2/03/2020,14.18,14.77,14.03,14.67,13.677118,8036717
3/03/2020,15.3,15.35,14.95,15.13,14.105986,9104390
4/03/2020,15.06,15.34,15,15.32,14.283126,10636106
5/03/2020,15.8,15.99,15.575,15.86,14.786578,11477781
6/03/2020,15.63,15.81,15.53,15.7,14.637406,6473920
9/03/2020,15.3,15.53,15.15,15.25,14.217863,6351136
10/03/2020,14.93,15.55,14.67,15.55,14.497559,8737417
11/03/2020,15.6,15.68,15.22,15.27,14.23651,6194041
12/03/2020,15.15,15.32,14.67,14.76,13.761027,11025280
13/03/2020,14.2,16.049999,14.01,16.049999,14.963717,12741298
16/03/2020,15.25,16.92,15.25,15.88,14.805224,9260964
17/03/2020,16.35,17.219999,16.049999,17.219999,16.054529,12290789
18/03/2020,17.1,17.42,16.709999,16.969999,15.82145,12754213
19/03/2020,17.57,18.09,16.84,17.25,16.082502,14332255
20/03/2020,17.25,17.780001,16.049999,16.780001,15.644312,12368716
23/03/2020,15.79,15.88,15.28,15.58,14.525528,10004216
24/03/2020,15.58,16.139999,15.27,16.139999,15.047626,12550043
25/03/2020,17.18,17.200001,15.61,16.65,15.523108,8085650
26/03/2020,16.940001,16.940001,16.299999,16.549999,15.429877,6721667
27/03/2020,16.6,16.74,15.61,15.73,14.665376,7478347
30/03/2020,15.63,16.865,15.51,16.82,15.681604,4582873
31/03/2020,15.69,16.030001,15.15,15.16,14.133954,90448650
1/04/2020,15.38,15.94,15.24,15.83,14.758608,12693562
2/04/2020,15.51,16.48,15.51,16.049999,14.963717,30372072
3/04/2020,16.5,16.5,15.685,15.88,14.805224,8423083
6/04/2020,16.1,16.440001,15.93,16.24,15.140859,11208253
7/04/2020,16.700001,16.889999,15.81,16,14.917103,7439190
8/04/2020,16.08,16.459999,16.059999,16.129999,15.038303,7977594
9/04/2020,16.200001,16.290001,15.71,15.95,14.870487,6742605
14/04/2020,15.99,16.33,15.87,16.33,15.224768,6695026
15/04/2020,16.49,16.540001,16.01,16.200001,15.103567,8219996
16/04/2020,15.91,16.389999,15.86,16.389999,15.280706,8443981
17/04/2020,16.549999,16.690001,16.370001,16.43,15.318,5841319
20/04/2020,16.43,16.57,16.200001,16.200001,15.103567,4161731
21/04/2020,16.200001,16.32,15.92,16,14.917103,3244056
22/04/2020,15.81,16.26,15.81,16.18,15.08492,4600214
23/04/2020,16.25,16.33,15.95,16.059999,14.973041,2996060
24/04/2020,16.17,16.35,16.049999,16.139999,15.047626,4630370
27/04/2020,16.200001,16.299999,16.030001,16.219999,15.122211,3200536
28/04/2020,16.360001,16.445,16.1,16.23,15.131535,3903136
29/04/2020,16.24,16.24,15.32,15.51,14.460265,12016534
30/04/2020,15.82,15.85,15.51,15.51,14.460265,8077157
1/05/2020,15.4,15.55,15.14,15.14,14.115309,5076052
4/05/2020,15.1,15.53,15.1,15.5,14.450943,5355440
5/05/2020,15.54,15.615,15.28,15.47,14.422974,3872088
6/05/2020,15.4,15.45,15.22,15.32,14.283126,3316717
7/05/2020,15.45,15.51,15.2,15.23,14.199217,5753965
8/05/2020,15.41,15.48,15.1,15.2,14.171247,3106736
11/05/2020,15.2,15.28,15.1,15.1,14.078015,2768679
12/05/2020,15.17,15.29,15.11,15.25,14.217863,4925961
13/05/2020,15.13,15.25,15,15.22,14.189894,3268096
14/05/2020,15.21,15.29,14.98,15.02,14.00343,3071042
15/05/2020,15.1,15.21,14.95,15.21,14.180571,3167074
18/05/2020,15.26,15.26,15.09,15.19,14.161923,2685260
19/05/2020,15.39,15.39,15.19,15.25,14.217863,2795984
20/05/2020,15.09,15.27,15.07,15.26,14.227186,2631848
21/05/2020,15.3,15.3,15.18,15.24,14.20854,3383327
22/05/2020,15.07,15.23,14.97,15.05,14.0314,4502890
25/05/2020,15.19,15.26,15.11,15.15,14.124631,3042521
26/05/2020,15.27,15.42,15.18,15.42,14.376357,3866084
27/05/2020,15.34,15.38,15.04,15.24,14.20854,5040627
28/05/2020,15.3,15.49,15.26,15.31,14.273803,5644420
29/05/2020,15.26,15.37,15.11,15.36,14.320418,11728425
1/06/2020,15.28,15.48,15.14,15.48,14.432296,4344235
2/06/2020,15.39,15.58,15.26,15.5,14.450943,3955072
3/06/2020,15.5,15.63,15.15,15.6,14.544174,7305437
4/06/2020,15.79,16.09,15.73,15.94,14.861163,8546709
5/06/2020,15.88,15.94,15.71,15.76,14.693346,3013113
9/06/2020,16.030001,16.18,15.9,16.07,14.982364,5266753
10/06/2020,16.1,16.469999,16.07,16.309999,15.20612,4660184
11/06/2020,15.88,16.07,15.73,15.83,14.758608,4178094
12/06/2020,15.6,16,15.6,15.91,14.833194,5447881
15/06/2020,15.82,15.97,15.54,15.82,14.749285,4338887
16/06/2020,15.96,16.450001,15.9,16.309999,15.20612,6738967
17/06/2020,16.309999,16.42,16.209999,16.35,15.243414,4198761
18/06/2020,16.35,16.5,16.27,16.450001,15.336647,5715652
19/06/2020,16.59,16.75,16.48,16.68,15.55108,6708797
22/06/2020,16.719999,16.719999,16.5,16.59,15.46717,3237205
23/06/2020,16.709999,16.870001,16.59,16.67,15.541756,3583054
24/06/2020,16.65,16.780001,16.48,16.6,15.476493,3818877
25/06/2020,16.450001,16.709999,16.34,16.59,15.46717,3004797
26/06/2020,16.65,16.889999,16.549999,16.790001,15.653634,5025629
29/06/2020,16.700001,16.950001,16.639999,16.940001,15.793481,2988814
30/06/2020,17.040001,17.290001,16.940001,17.17,16.007915,4889078
1/07/2020,17.01,17.110001,16.709999,16.9,15.756188,3696481
2/07/2020,16.799999,17.07,16.76,17.040001,15.886713,2888176
3/07/2020,17.07,17.26,17,17.16,15.998591,1991986
6/07/2020,17.15,17.4,17.07,17.219999,16.054529,1778421
7/07/2020,17.33,17.469999,17.200001,17.370001,16.194378,2835659
8/07/2020,17.440001,17.950001,17.41,17.790001,16.585955,4191600
9/07/2020,17.889999,17.889999,17.469999,17.469999,16.287609,3497497
10/07/2020,17.4,17.76,17.4,17.719999,16.520689,1713995
13/07/2020,17.969999,17.99,17.809999,17.9,16.688507,3172943
14/07/2020,17.75,18.02,17.73,17.959999,16.744446,2914668
15/07/2020,18.1,18.23,17.99,18.200001,16.968204,2780285
16/07/2020,18.16,18.209999,17.93,18.110001,16.884296,3276307
17/07/2020,18.200001,18.32,18.01,18.15,16.921587,3223008
20/07/2020,18.139999,18.15,17.860001,17.91,16.69783,2648046
21/07/2020,18.01,18.200001,17.82,18.139999,16.912264,3317264
22/07/2020,18.1,18.135,17.84,18,16.78174,2031204
23/07/2020,17.91,17.98,17.66,17.77,16.567307,2841061
24/07/2020,17.620001,17.799999,17.6,17.780001,16.576632,1781530
27/07/2020,17.85,18.030001,17.799999,17.92,16.707153,2648753
28/07/2020,17.99,18.110001,17.82,17.84,16.63257,1847844
29/07/2020,18.049999,18.309999,18,18.18,16.949558,3371971
30/07/2020,18.299999,18.540001,18.25,18.459999,17.210606,3348323
31/07/2020,18.549999,18.66,18,18.17,16.940235,4289956
3/08/2020,18.15,18.459999,18.09,18.459999,17.210606,2566437
4/08/2020,18.700001,18.99,18.549999,18.91,17.63015,4368480
5/08/2020,18.969999,18.98,18.76,18.809999,17.536917,3788695
6/08/2020,18.65,18.85,18.459999,18.6,17.341131,3393254
7/08/2020,18.469999,18.665001,18.299999,18.370001,17.126699,2872511
10/08/2020,18.6,18.940001,18.51,18.85,17.574211,3204447
11/08/2020,18.85,19.16,18.82,18.969999,17.686089,2550065
12/08/2020,18.93,19.15,18.834999,18.99,17.704735,2361041
13/08/2020,19.23,19.26,18.92,19.030001,17.742029,2690252
14/08/2020,18.969999,19.17,18.93,19.120001,17.825935,2312563
17/08/2020,18.879999,19.1,18.860001,18.93,17.648796,2224387
18/08/2020,18.93,19.200001,18.6,18.709999,17.443686,5736170
19/08/2020,18.9,19.110001,18.84,18.950001,17.667442,4189894
20/08/2020,18.700001,18.91,18.629999,18.860001,17.583536,3079811
21/08/2020,19,19.075001,18.620001,18.629999,17.369099,3683283
24/08/2020,18.610001,18.965,18.530001,18.83,17.555565,3843100
25/08/2020,18.98,19,18.719999,18.83,17.555565,2811632
26/08/2020,18.719999,19.040001,18.719999,18.93,17.648796,2712412
27/08/2020,18.6,18.885,18.530001,18.6,17.596764,6744411
28/08/2020,18.549999,18.629999,18.215,18.26,17.275101,3264515
31/08/2020,18.200001,18.219999,17.700001,17.73,16.773687,4291851
1/09/2020,17.6,17.73,17.309999,17.5,16.556095,3674295
2/09/2020,17.51,17.75,17.450001,17.68,16.726387,2977946
3/09/2020,17.790001,17.82,17.59,17.709999,16.754766,3528169
4/09/2020,17.49,17.49,17.08,17.110001,16.187132,3374131
7/09/2020,17.049999,17.129999,16.860001,17.059999,16.139826,4083027
8/09/2020,17.120001,17.209999,16.959999,17.129999,16.206051,2411932
9/09/2020,16.92,16.959999,16.73,16.879999,15.969535,4848845
10/09/2020,17.08,17.16,16.879999,17.139999,16.215511,4230717
11/09/2020,16.99,17.23,16.940001,17.139999,16.215511,4150314
14/09/2020,17.200001,17.24,17.030001,17.15,16.224972,2569034
15/09/2020,17.02,17.190001,16.91,17.040001,16.120905,4653237
16/09/2020,17.110001,17.190001,17.02,17.110001,16.187132,3888438
17/09/2020,17.200001,17.299999,17.030001,17.219999,16.291195,4667991
18/09/2020,17.290001,17.334999,17.059999,17.200001,16.272276,16225590
21/09/2020,17.15,17.219999,16.969999,17.129999,16.206051,6129954
22/09/2020,17.129999,17.469999,17.08,17.25,16.31958,5079622
23/09/2020,17.530001,17.690001,17.41,17.620001,16.669622,6326699
24/09/2020,17.450001,17.58,17.299999,17.52,16.575016,2544338
25/09/2020,17.43,17.57,17.32,17.48,16.537172,2417463
28/09/2020,17.41,17.5,17.200001,17.200001,16.272276,2089933
29/09/2020,17.200001,17.27,17.01,17.120001,16.19659,3084811
30/09/2020,17.049999,17.26,16.950001,17,16.083063,4424536
1/10/2020,17.120001,17.18,16.98,17,16.083063,3128252
2/10/2020,16.98,17.059999,16.870001,17.059999,16.139826,3575689
5/10/2020,17.35,17.450001,17.24,17.4,16.461487,2030316
6/10/2020,17.5,17.6,17.325001,17.43,16.48987,3304575
7/10/2020,17.440001,17.77,17.32,17.68,16.726387,2704668
8/10/2020,17.73,17.77,17.450001,17.59,16.641239,2906637
9/10/2020,17.559999,17.65,17.450001,17.52,16.575016,2770319
12/10/2020,17.530001,17.629999,17.34,17.610001,16.660162,2060977
13/10/2020,17.799999,17.969999,17.690001,17.91,16.943979,3313151
14/10/2020,17.959999,18.18,17.950001,18.09,17.114271,2005387
15/10/2020,18.139999,18.23,17.91,17.92,16.95344,2385619
16/10/2020,17.950001,18.01,17.68,17.719999,16.764227,2737442
19/10/2020,17.790001,17.950001,17.77,17.85,16.887217,1573470
20/10/2020,17.780001,18.049999,17.77,17.85,16.887217,2035780
21/10/2020,17.870001,17.940001,17.469999,17.51,16.565554,2730742
22/10/2020,17.299999,17.455,17.110001,17.389999,16.452026,2610338
23/10/2020,17.290001,17.35,17.049999,17.190001,16.262815,2822630
26/10/2020,17.25,17.389999,17.09,17.110001,16.187132,2565005
27/10/2020,17.09,17.23,17.01,17.209999,16.281736,3691450
28/10/2020,17.35,17.74,17.309999,17.68,16.726387,4088592
29/10/2020,17.66,18.18,17.559999,17.959999,16.991282,4078198
30/10/2020,18.110001,18.18,17.66,17.75,16.79261,3143104
2/11/2020,17.83,18.08,17.74,18.07,17.09535,2167486
3/11/2020,18.1,18.424999,18,18.32,17.331865,4192636
4/11/2020,18.200001,18.389999,17.9,17.9,16.934519,2990889
5/11/2020,18.040001,18.370001,18,18.26,17.275101,3295794
6/11/2020,18.200001,18.48,18.120001,18.4,17.407551,2328366
9/11/2020,18.549999,18.75,18.52,18.68,17.672449,2785426
10/11/2020,18.709999,18.709999,17.67,17.690001,16.735846,7735071
11/11/2020,17.83,17.969999,17.559999,17.879999,16.915598,4752941
12/11/2020,17.93,18.08,17.799999,17.85,16.887217,2954329
13/11/2020,17.93,17.995001,17.76,17.76,16.802071,2433724
16/11/2020,17.93,17.950001,17.799999,17.85,16.887217,135828
17/11/2020,17.700001,17.74,17.6,17.73,16.773687,4203721
18/11/2020,17.700001,18.059999,17.690001,18.030001,17.057508,4860705
19/11/2020,18.08,18.17,17.93,18.040001,17.066969,4341055
20/11/2020,18.040001,18.09,17.9,17.98,17.010202,3553383
23/11/2020,18.02,18.049999,17.83,17.950001,16.981823,2629883
24/11/2020,18.030001,18.18,17.92,18.030001,17.057508,5855114
25/11/2020,18.040001,18.129999,17.879999,17.950001,16.981823,6324979
26/11/2020,18.040001,18.24,18,18.049999,17.076427,2558254
27/11/2020,18.110001,18.18,17.93,17.940001,16.972361,3594596
30/11/2020,18.049999,18.15,17.844999,17.860001,16.896679,11017477
1/12/2020,18.030001,18.34,17.969999,18.129999,17.152113,3992852
2/12/2020,18.049999,18.18,17.93,18.110001,17.133194,3083023
3/12/2020,18.040001,18.08,17.889999,17.98,17.010202,3762802
4/12/2020,17.9,18.07,17.9,17.98,17.010202,2319798
7/12/2020,18.08,18.33,18.059999,18.26,17.275101,2585532
8/12/2020,18.17,18.33,18.129999,18.25,17.265642,4107469
9/12/2020,18.309999,18.389999,18.209999,18.27,17.284563,3514940
10/12/2020,18.120001,18.33,18.059999,18.08,17.104809,3121197
11/12/2020,18,18.049999,17.889999,17.98,17.010202,4374876
14/12/2020,18.110001,18.360001,18.08,18.18,17.199417,2029499
15/12/2020,18.32,18.6,18.26,18.280001,17.294024,3036714
16/12/2020,18.34,18.379999,18.115,18.16,17.180494,2195839
17/12/2020,18.17,18.389999,18.15,18.209999,17.227798,3788967
18/12/2020,18.209999,18.440001,18.129999,18.299999,17.312943,4287024
21/12/2020,18.379999,18.719999,18.379999,18.57,17.56838,2052710
22/12/2020,18.58,18.59,18.23,18.32,17.331865,1751827
23/12/2020,18.5,18.540001,18.360001,18.440001,17.445393,1330256
24/12/2020,18.4,18.52,18.360001,18.469999,17.473774,595312
29/12/2020,18.58,18.66,18.379999,18.469999,17.473774,802041
30/12/2020,18.49,18.52,18.309999,18.49,17.492695,1247929
31/12/2020,18.379999,18.450001,18.139999,18.139999,17.161573,869219
4/01/2021,18.33,18.57,18.299999,18.5,17.502157,1243823
5/01/2021,18.25,18.615,18.23,18.610001,17.606224,1831183
6/01/2021,18.33,18.469999,18.280001,18.34,17.350786,1994970
7/01/2021,18.65,18.690001,18.41,18.629999,17.625143,1669171
8/01/2021,18.610001,18.809999,18.610001,18.809999,17.795435,1605944
11/01/2021,18.75,18.809999,18.450001,18.5,17.502157,1425333
12/01/2021,18.379999,18.469999,18.200001,18.41,17.417011,1809870
13/01/2021,18.26,18.33,17.940001,17.959999,16.991282,2449359
14/01/2021,17.950001,18.1,17.870001,17.969999,17.000744,2355394
15/01/2021,17.860001,17.92,17.67,17.889999,16.925058,2440510
18/01/2021,17.889999,17.98,17.73,17.780001,16.820993,1241889
19/01/2021,17.879999,17.950001,17.780001,17.860001,16.896679,1612991
20/01/2021,17.879999,18.01,17.879999,17.98,17.010202,1795492
21/01/2021,18.16,18.18,17.975,18.08,17.104809,1720124
22/01/2021,18.139999,18.24,18.08,18.16,17.180494,1678482
25/01/2021,18.299999,18.549999,18.200001,18.450001,17.454853,1542655
27/01/2021,18.610001,18.790001,18.309999,18.5,17.502157,3037264
28/01/2021,18.33,18.389999,17.92,18.139999,17.161573,2766134
29/01/2021,18.190001,18.459999,18.1,18.209999,17.227798,4045620
1/02/2021,18.1,18.26,18.040001,18.16,17.180494,2080167
2/02/2021,18.1,18.219999,18.030001,18.17,17.189957,1508842
3/02/2021,18.25,18.370001,18.08,18.35,17.360249,1926537
4/02/2021,18.370001,18.4,18.17,18.34,17.350786,2346950
5/02/2021,18.4,18.49,18.27,18.280001,17.294024,2029315
8/02/2021,18.219999,18.379999,18.08,18.34,17.350786,1754741
9/02/2021,18.15,18.27,18.09,18.110001,17.133194,2993694
10/02/2021,18.15,18.42,18.110001,18.290001,17.303486,2162610
11/02/2021,18.15,18.280001,18.02,18.09,17.114271,2497279
12/02/2021,18.15,18.280001,18.139999,18.15,17.171034,1077082
15/02/2021,18.25,18.290001,18.15,18.25,17.265642,1207300
16/02/2021,18.25,18.27,18.120001,18.18,17.199417,1566228
17/02/2021,17.950001,17.950001,17.040001,17.200001,16.272276,11086322
18/02/2021,17,17.01,16.110001,16.23,15.354594,9434230
19/02/2021,16.41,16.530001,16.27,16.41,15.524886,4922900
22/02/2021,16.4,16.4,16.08,16.1,15.231606,3606705
23/02/2021,16.09,16.139999,15.9,15.91,15.051855,4318445
24/02/2021,16,16.110001,15.87,15.99,15.127541,4153005
25/02/2021,16.08,16.17,15.96,16.02,15.155922,3794312
26/02/2021,15.7,15.74,15.32,15.33,14.808176,8451260
1/03/2021,15.5,15.66,15.42,15.5,14.972389,4724781
2/03/2021,15.6,15.78,15.59,15.72,15.184901,5030853
3/03/2021,15.72,15.805,15.55,15.59,15.059326,4234161
4/03/2021,15.5,15.62,15.275,15.4,14.875793,3738108
5/03/2021,15.44,15.67,15.43,15.5,14.972389,2905958
8/03/2021,15.79,15.86,15.5,15.5,14.972389,2172898
9/03/2021,15.6,15.72,15.48,15.49,14.962729,2456444
10/03/2021,15.7,15.81,15.45,15.45,14.92409,3098970
11/03/2021,15.65,15.67,15.3,15.45,14.92409,3078981
12/03/2021,15.5,15.57,15.44,15.49,14.962729,2735391
15/03/2021,15.54,15.62,15.46,15.49,14.962729,2662953
16/03/2021,15.57,15.76,15.51,15.65,15.117283,4736490
17/03/2021,15.67,15.7,15.43,15.52,14.991709,3274517
18/03/2021,15.4,15.59,15.4,15.57,15.040006,4074519
19/03/2021,15.47,15.59,15.45,15.49,14.962729,6098398
22/03/2021,15.59,15.855,15.56,15.81,15.271838,2325934
23/03/2021,15.9,16.030001,15.77,15.79,15.252518,3322989
24/03/2021,15.87,16,15.84,15.98,15.436049,2538020
25/03/2021,15.88,15.96,15.775,15.9,15.358773,3050987
26/03/2021,15.96,16.120001,15.91,15.99,15.44571,2352812
29/03/2021,16,16.09,15.87,15.98,15.436049,1853330
30/03/2021,16.1,16.120001,15.72,15.73,15.194559,2110656
31/03/2021,15.79,16.115,15.72,16.01,15.465029,4267846
1/04/2021,16.030001,16.09,15.86,15.89,15.349114,1886205
6/04/2021,16.09,16.09,15.89,15.89,15.349114,1973302
7/04/2021,15.93,15.98,15.63,15.77,15.233199,3094025
8/04/2021,15.75,15.91,15.75,15.87,15.329795,2522245
9/04/2021,15.81,15.87,15.73,15.85,15.310475,1505630
12/04/2021,15.75,15.8,15.7,15.76,15.223539,2604590
13/04/2021,15.8,15.84,15.73,15.77,15.233199,2151736
14/04/2021,15.84,15.85,15.7,15.79,15.252518,2165883
15/04/2021,15.67,15.77,15.56,15.72,15.184901,2616071
16/04/2021,15.67,15.71,15.51,15.56,15.030348,3394207
19/04/2021,15.61,15.64,15.46,15.47,14.943411,2962020
20/04/2021,15.47,15.65,15.41,15.58,15.049666,3334559
21/04/2021,15.55,15.68,15.41,15.57,15.040006,5675771
22/04/2021,15.57,15.93,15.5,15.84,15.300817,4964324
23/04/2021,15.88,15.9,15.63,15.71,15.175241,2248213
26/04/2021,15.72,15.76,15.53,15.64,15.107624,2474090
27/04/2021,15.55,15.65,15.455,15.62,15.088305,2464845
28/04/2021,15.43,15.9,15.37,15.85,15.310475,4399650
29/04/2021,16,16.59,15.91,16.379999,15.822433,8672747
30/04/2021,16.5,16.504999,16.200001,16.32,15.764477,4244076
3/05/2021,16.379999,16.42,16.25,16.27,15.71618,2962522
4/05/2021,16.25,16.6,16.23,16.5,15.938349,3608605
5/05/2021,16.450001,16.549999,16.35,16.4,15.841753,3067745
6/05/2021,16.4,16.43,16.125,16.17,15.619583,4060037
7/05/2021,16.200001,16.264999,16.110001,16.129999,15.580943,2474879
10/05/2021,16.040001,16.26,16.030001,16.209999,15.65822,2325527
11/05/2021,16.190001,16.389999,16.07,16.299999,15.745157,2443471
12/05/2021,16.280001,16.34,16.049999,16.1,15.551966,2784792
13/05/2021,16.059999,16.309999,16.059999,16.17,15.619583,2094382
14/05/2021,16.35,16.43,16.190001,16.35,15.793456,3278742
17/05/2021,16.35,16.450001,16.280001,16.33,15.774136,1889299
18/05/2021,16.309999,16.440001,16.24,16.4,15.841753,2263900
19/05/2021,16.25,16.33,16.110001,16.27,15.71618,2984808
20/05/2021,16.33,16.389999,16.219999,16.34,15.783796,3265115
21/05/2021,16.450001,16.639999,16.4,16.6,16.034946,3671933
24/05/2021,16.65,16.705,16.49,16.66,16.092903,2048226
25/05/2021,16.76,16.76,16.620001,16.74,16.170179,2385141
26/05/2021,16.790001,16.879999,16.66,16.700001,16.131542,1724563
27/05/2021,16.530001,16.700001,16.51,16.58,16.015627,5190184
28/05/2021,16.73,16.77,16.605,16.610001,16.044605,3000686
31/05/2021,16.68,16.77,16.549999,16.57,16.005966,2256290
1/06/2021,16.549999,16.6,16.389999,16.49,15.928691,2003444
2/06/2021,16.5,16.620001,16.4,16.6,16.034946,2347913
3/06/2021,16.65,16.809999,16.6,16.76,16.189499,2266130
4/06/2021,16.799999,17.09,16.780001,17.040001,16.45997,3174128
7/06/2021,17.059999,17.129999,17.01,17.059999,16.479286,1734367
8/06/2021,17.09,17.24,17.01,17.1,16.517927,3101787
9/06/2021,17.049999,17.110001,16.73,16.76,16.189499,2943757
10/06/2021,16.77,16.9,16.68,16.690001,16.121883,2149497
11/06/2021,16.84,16.85,16.639999,16.67,16.102564,2153432
15/06/2021,16.879999,17.09,16.82,16.99,16.411669,3464535
16/06/2021,17.059999,17.18,16.969999,17.049999,16.469627,3236967
17/06/2021,16.4,16.5,16.139999,16.290001,15.735498,10473313
18/06/2021,16.27,16.620001,16.26,16.360001,15.803117,8508509
21/06/2021,16.360001,16.6,16.23,16.469999,15.909369,3524959
22/06/2021,16.6,16.65,16.43,16.450001,15.890053,2289563
23/06/2021,16.459999,16.59,16.440001,16.530001,15.967329,1664570
24/06/2021,16.450001,16.93,16.389999,16.799999,16.228136,3471771
25/06/2021,16.9,16.969999,16.709999,16.83,16.257116,2110969
28/06/2021,16.959999,17.139999,16.85,16.93,16.353712,3022613
29/06/2021,16.91,17.08,16.860001,17.02,16.440649,2677609
30/06/2021,17.07,17.23,17.065001,17.09,16.508266,2287307
1/07/2021,17.110001,17.15,16.83,16.83,16.257116,1956050
2/07/2021,16.9,16.98,16.690001,16.719999,16.150862,2956264
5/07/2021,16.799999,16.91,16.719999,16.76,16.189499,2287323
6/07/2021,16.77,16.83,16.65,16.65,16.083244,1880072
7/07/2021,16.65,16.895,16.645,16.83,16.257116,1671948
8/07/2021,16.9,17.01,16.82,16.82,16.247458,2180308
9/07/2021,16.75,16.85,16.58,16.85,16.276438,2765546
12/07/2021,16.950001,16.959999,16.6,16.65,16.083244,2451512
13/07/2021,16.73,16.879999,16.700001,16.790001,16.218479,2546266
14/07/2021,16.700001,17,16.66,17,16.421329,3193554
15/07/2021,17.059999,17.1,16.83,17,16.421329,2955880
16/07/2021,16.940001,17.110001,16.870001,17.049999,16.469627,2355196
19/07/2021,17,17.25,16.860001,17.200001,16.614523,2162344
20/07/2021,17.17,17.42,17.110001,17.360001,16.769075,3365137
21/07/2021,17.379999,17.379999,17.25,17.280001,16.691801,2157992
22/07/2021,17.280001,17.42,17.219999,17.389999,16.798054,1849835
23/07/2021,17.32,17.610001,17.280001,17.610001,17.010567,2138763
26/07/2021,17.67,17.700001,17.52,17.66,17.058865,1966357
27/07/2021,17.65,17.77,17.594999,17.700001,17.097504,2467664
28/07/2021,17.75,17.879999,17.629999,17.66,17.058865,3168150
29/07/2021,17.67,17.74,17.5,17.530001,16.93329,2392794
30/07/2021,17.58,17.6,17.469999,17.49,16.89465,2200941
2/08/2021,17.66,17.889999,17.65,17.799999,17.194098,2064657
3/08/2021,17.780001,17.950001,17.73,17.92,17.310013,2574790
4/08/2021,17.9,17.99,17.809999,17.99,17.37763,2417400
5/08/2021,18,18.139999,17.965,18.120001,17.503206,2956350
6/08/2021,18.15,18.18,17.950001,18.01,17.39695,2396058
9/08/2021,18.049999,18.139999,17.92,17.99,17.37763,1606160
10/08/2021,18.09,18.09,17.940001,18.059999,17.445248,1425857
11/08/2021,18.040001,18.280001,18,18.190001,17.570824,2546252
12/08/2021,18.280001,18.370001,18.17,18.209999,17.590141,2685231
13/08/2021,18.33,18.43,18.290001,18.4,17.773676,1749590
16/08/2021,18.35,18.58,18.25,18.5,17.87027,1904355
17/08/2021,18.360001,18.610001,18.24,18.33,17.706059,2643126
18/08/2021,18.299999,18.620001,18.110001,18.34,17.715717,3218020
19/08/2021,18.43,18.620001,18.34,18.57,17.937887,2707702
20/08/2021,18.700001,18.879999,18.639999,18.719999,18.082783,2933162
23/08/2021,18.799999,18.940001,18.790001,18.84,18.198698,2034365
24/08/2021,18.84,18.870001,18.23,18.26,17.638441,2619707
25/08/2021,18.18,18.23,17.870001,17.969999,17.358313,3759406
26/08/2021,17.629999,17.77,17.48,17.639999,17.30925,3183211
27/08/2021,17.629999,18.09,17.629999,17.889999,17.554562,3152837
30/08/2021,17.799999,17.84,17.66,17.77,17.436813,3279756
31/08/2021,17.870001,18.15,17.809999,18.08,17.740999,4789882
1/09/2021,18,18.15,17.870001,18.09,17.750813,2804114
2/09/2021,18.08,18.15,17.76,17.860001,17.525126,2683992
3/09/2021,17.889999,17.91,17.700001,17.74,17.407375,2504731
6/09/2021,17.67,17.799999,17.514999,17.75,17.417187,1832541
7/09/2021,17.790001,17.879999,17.639999,17.700001,17.368126,1834369
8/09/2021,17.5,17.52,17.309999,17.42,17.093374,4224774
9/09/2021,17.4,17.58,17.280001,17.32,16.995249,3881534
10/09/2021,17.370001,17.459999,17.209999,17.290001,16.965813,2563350
13/09/2021,17.209999,17.370001,17.120001,17.280001,16.956001,1506011
14/09/2021,17.17,17.32,17.1,17.280001,16.956001,2441467
15/09/2021,17.309999,17.309999,17.01,17.030001,16.710688,3431651
16/09/2021,16.98,17.18,16.92,17.08,16.75975,3490854
17/09/2021,17.18,17.190001,16.91,16.91,16.592937,5083651
20/09/2021,16.959999,17.030001,16.85,16.940001,16.622375,2300185
21/09/2021,16.950001,17.129999,16.879999,17.08,16.75975,2676951
22/09/2021,17.01,17.139999,16.98,16.98,16.661625,2006735
23/09/2021,17.01,17.139999,16.969999,16.969999,16.651812,4417784
24/09/2021,17.040001,17.09,16.940001,17.059999,16.740124,1373585
27/09/2021,17.139999,17.200001,17,17.01,16.691063,1898468
28/09/2021,16.9,16.9,16.51,16.540001,16.229876,3387706
29/09/2021,16.5,16.719999,16.41,16.629999,16.318186,2937122
30/09/2021,16.84,17.01,16.700001,16.99,16.671436,3627220
1/10/2021,16.75,17.07,16.75,16.93,16.612562,3557938
4/10/2021,17.059999,17.07,16.809999,16.940001,16.622375,2024034
5/10/2021,16.92,17.02,16.83,16.940001,16.622375,1789736
6/10/2021,16.99,17.139999,16.870001,16.940001,16.622375,3159187
7/10/2021,17.049999,17.120001,16.959999,17.049999,16.730312,2245673
8/10/2021,17.110001,17.200001,16.969999,17.030001,16.710688,2549297
11/10/2021,16.969999,17.040001,16.860001,17.040001,16.720501,2029690
12/10/2021,16.870001,17.18,16.870001,17.18,16.857876,3429626
13/10/2021,17.18,17.43,17.110001,17.32,16.995249,2747711
14/10/2021,17.469999,17.57,17.33,17.5,17.171875,2420037
15/10/2021,17.559999,17.66,17.450001,17.65,17.319061,2761231
18/10/2021,17.65,17.790001,17.629999,17.709999,17.377937,1994860
19/10/2021,17.709999,17.969999,17.709999,17.809999,17.476061,2533934
20/10/2021,17.91,18,17.790001,17.879999,17.544748,2553858
21/10/2021,17.98,17.98,17.68,17.83,17.495687,2662093
22/10/2021,17.82,17.99,17.75,17.950001,17.613438,2384803
25/10/2021,17.99,18.07,17.83,17.83,17.495687,2109580
26/10/2021,17.889999,17.959999,17.5,17.52,17.1915,2326985
27/10/2021,17.379999,17.52,17.110001,17.34,17.014875,3450183
28/10/2021,17.219999,17.57,17.219999,17.360001,17.0345,2561741
29/10/2021,17.42,17.469999,17.129999,17.139999,16.818624,3325357
1/11/2021,17.49,17.540001,17.18,17.24,16.91675,2490809
2/11/2021,17.18,17.32,17.129999,17.219999,16.897123,2335144
3/11/2021,17.379999,17.58,17.309999,17.51,17.181688,2067844
4/11/2021,17.5,17.690001,17.43,17.57,17.240562,3190139
5/11/2021,17.700001,17.83,17.610001,17.799999,17.466249,2300813
8/11/2021,17.780001,17.799999,17.610001,17.68,17.348499,1447726
9/11/2021,17.59,17.75,17.59,17.68,17.348499,1379181
10/11/2021,17.68,17.790001,17.57,17.629999,17.299437,1492736
11/11/2021,17.52,17.620001,17.370001,17.51,17.181688,1965061
12/11/2021,17.75,18.18,17.700001,17.83,17.495687,3261637
15/11/2021,17.969999,17.969999,17.790001,17.870001,17.534939,1703909
16/11/2021,17.889999,17.93,17.780001,17.85,17.515312,2006625
17/11/2021,17.9,18.040001,17.82,17.92,17.584,2627489
18/11/2021,18,18.09,17.870001,18.02,17.682125,1716397
19/11/2021,18.1,18.15,17.99,18.01,17.672312,2117190
22/11/2021,18,18.139999,17.889999,18.139999,17.799873,1602056
23/11/2021,18.129999,18.27,18.1,18.219999,17.878374,1544614
24/11/2021,18.209999,18.219999,18.09,18.09,17.750813,1894409
25/11/2021,18.190001,18.190001,17.940001,18.07,17.731188,1341714
26/11/2021,18.040001,18.1,17.93,18.01,17.672312,996903
29/11/2021,17.969999,18.07,17.950001,18.030001,17.691938,1960427
30/11/2021,18.030001,18.18,17.940001,18.02,17.682125,5941813
1/12/2021,17.969999,18.030001,17.58,17.74,17.407375,2405054
2/12/2021,17.59,17.76,17.57,17.65,17.319061,2363398
3/12/2021,17.67,17.709999,17.34,17.35,17.024687,3300928
6/12/2021,17.52,17.9,17.52,17.809999,17.476061,3232427
7/12/2021,17.950001,18.059999,17.82,17.889999,17.554562,2252656
8/12/2021,17.9,18.040001,17.74,17.92,17.584,2616534
9/12/2021,17.83,17.955,17.77,17.85,17.515312,1499368
10/12/2021,17.799999,17.985001,17.780001,17.860001,17.525126,1133419
13/12/2021,17.9,17.950001,17.76,17.870001,17.534939,1542678
14/12/2021,17.15,17.450001,16.709999,17.379999,17.054125,4836340
15/12/2021,17.4,17.629999,17.299999,17.51,17.181688,2301372
16/12/2021,17.610001,17.610001,17.34,17.43,17.103188,3136753
17/12/2021,17.5,17.6,17.440001,17.48,17.15225,4317416
20/12/2021,17.48,17.83,17.450001,17.799999,17.466249,1480099
21/12/2021,17.950001,17.969999,17.76,17.799999,17.466249,1334781
22/12/2021,17.67,17.73,17.549999,17.68,17.348499,1538069
23/12/2021,17.700001,17.809999,17.67,17.719999,17.387749,682380
24/12/2021,17.75,17.780001,17.68,17.68,17.348499,432490
29/12/2021,17.84,18,17.809999,17.950001,17.613438,1503032
30/12/2021,17.959999,18.09,17.91,18.040001,17.70175,931237
31/12/2021,17.870001,18.01,17.870001,17.940001,17.603626,935360
4/01/2022,17.940001,18.030001,17.809999,17.9,17.564375,1768563
5/01/2022,17.99,17.99,17.68,17.709999,17.377937,2096076
6/01/2022,17.65,17.77,17.33,17.35,17.024687,2477826
7/01/2022,17.5,17.52,17.280001,17.34,17.014875,1758247
10/01/2022,17.299999,17.32,17.059999,17.07,16.749937,2214302
11/01/2022,17.059999,17.09,16.65,16.65,16.337812,4724682
12/01/2022,16.690001,16.74,16.48,16.51,16.200438,3537910
13/01/2022,16.360001,16.5,16.34,16.49,16.180813,3227335
14/01/2022,16.450001,16.540001,16.35,16.35,16.043438,2626431
17/01/2022,16.34,16.48,16.139999,16.389999,16.082687,3202368
18/01/2022,16.5,16.540001,16.389999,16.49,16.180813,2537145
19/01/2022,16.66,16.66,16.450001,16.459999,16.151375,3155991
20/01/2022,16.32,16.49,16.290001,16.32,16.014,3243316
21/01/2022,16.200001,16.370001,16.120001,16.139999,15.837374,4836308
24/01/2022,16.18,16.43,16.139999,16.33,16.023811,2590163
25/01/2022,16.34,16.41,16.059999,16.24,15.935499,5280300
27/01/2022,16.15,16.290001,15.67,15.74,15.444875,6384901
28/01/2022,15.98,16.65,15.88,16.530001,16.220062,14341003
31/01/2022,16.35,16.450001,16.17,16.200001,15.896251,4053244
1/02/2022,16.34,16.459999,16.219999,16.32,16.014,2393057
2/02/2022,16.469999,16.620001,16.43,16.49,16.180813,2105536
3/02/2022,16.450001,16.610001,16.379999,16.610001,16.298563,2526654
4/02/2022,16.559999,16.75,16.51,16.74,16.426125,2957565
7/02/2022,16.65,16.74,16.530001,16.540001,16.229876,1702079
8/02/2022,16.48,16.540001,16.33,16.440001,16.13175,2824743
9/02/2022,16.42,16.629999,16.389999,16.620001,16.308376,2566607
10/02/2022,16.57,16.65,16.280001,16.389999,16.082687,4073003
11/02/2022,16.23,16.25,16.025,16.139999,15.837374,3293194
14/02/2022,16.1,16.360001,16.07,16.32,16.014,1829984
15/02/2022,16.200001,16.620001,16.200001,16.549999,16.239687,2746159
16/02/2022,16.66,16.68,16.459999,16.620001,16.308376,2263745
17/02/2022,16.67,16.74,16.58,16.629999,16.318186,2560994
18/02/2022,16.620001,16.709999,16.549999,16.549999,16.239687,2224374
21/02/2022,16.549999,16.790001,16.530001,16.74,16.426125,1749511
22/02/2022,16.76,17.42,16.76,17.27,16.946188,5319041
23/02/2022,17.73,17.950001,17.530001,17.85,17.515312,6531979
24/02/2022,17.639999,18.07,17.639999,17.799999,17.466249,4347556
25/02/2022,17.91,17.93,17.440001,17.49,17.162062,4502954
28/02/2022,17.26,17.530001,17.26,17.379999,17.054125,5377640
1/03/2022,17.639999,17.65,17.450001,17.48,17.15225,3445024
2/03/2022,17.290001,17.67,17.27,17.6,17.27,3788216
3/03/2022,17.17,17.27,16.940001,16.969999,16.969999,3200588
4/03/2022,17,17.18,16.91,17.18,17.18,4648808
7/03/2022,17.219999,17.360001,17.059999,17.18,17.18,2795717
8/03/2022,17.26,17.565001,17.200001,17.5,17.5,4419035
9/03/2022,17.299999,17.530001,17.17,17.299999,17.299999,4332650
10/03/2022,17.17,17.42,17.139999,17.34,17.34,3096114
11/03/2022,17.200001,17.41,17.040001,17.129999,17.129999,3818401
14/03/2022,17.290001,17.51,17.25,17.51,17.51,2813493
15/03/2022,17.59,17.809999,17.52,17.709999,17.709999,4765927
16/03/2022,17.83,18.15,17.74,18.01,18.01,4600482
17/03/2022,18.190001,18.190001,17.74,17.780001,17.780001,2947829
18/03/2022,17.65,17.790001,17.6,17.74,17.74,5309845
21/03/2022,17.91,17.92,17.66,17.73,17.73,1294211
22/03/2022,17.790001,17.84,17.65,17.67,17.67,1457757
23/03/2022,17.76,17.85,17.68,17.719999,17.719999,1242752
24/03/2022,17.799999,17.91,17.67,17.85,17.85,2319942
25/03/2022,17.85,17.975,17.790001,17.870001,17.870001,2852951
28/03/2022,17.870001,17.950001,17.700001,17.76,17.76,2994088
29/03/2022,17.84,18.02,17.790001,17.93,17.93,2409581
30/03/2022,18.1,18.139999,17.9,17.959999,17.959999,2738347
31/03/2022,18.02,18.08,17.870001,17.91,17.91,3336182
1/04/2022,17.790001,18.040001,17.785,17.879999,17.879999,4471175
4/04/2022,17.99,18,17.85,17.9,17.9,1640763
5/04/2022,17.969999,18.190001,17.959999,18.08,18.08,30130861
6/04/2022,17.969999,18.17,17.84,18.01,18.01,3920729
7/04/2022,18.08,18.25,18.01,18.18,18.18,2736055
8/04/2022,18.299999,18.35,18.219999,18.24,18.24,2446253
11/04/2022,18.290001,18.469999,18.219999,18.440001,18.440001,2203326
12/04/2022,18.4,18.450001,18.290001,18.34,18.34,1681565
13/04/2022,18.290001,18.43,18.200001,18.290001,18.290001,2334675
14/04/2022,18.120001,18.309999,18.110001,18.299999,18.299999,1988761
19/04/2022,18.23,18.42,18.155001,18.34,18.34,2754896
20/04/2022,18.459999,18.68,18.42,18.58,18.58,2790604
21/04/2022,18.73,18.73,18.57,18.68,18.68,2513517
22/04/2022,18.73,18.879999,18.68,18.83,18.83,3586919
26/04/2022,18.66,18.84,18.59,18.73,18.73,4400511
27/04/2022,18.66,18.690001,18.280001,18.360001,18.360001,3540719
28/04/2022,18.43,18.540001,18.23,18.469999,18.469999,3838286
29/04/2022,18.639999,18.83,18.540001,18.700001,18.700001,4186273
2/05/2022,18.549999,18.66,18.459999,18.57,18.57,1814328
3/05/2022,18.450001,18.629999,18.4,18.5,18.5,2106865
4/05/2022,18.6,18.65,18.48,18.6,18.6,2268420
5/05/2022,18.6,18.620001,18.370001,18.48,18.48,2881863
6/05/2022,18.450001,18.754999,18.26,18.67,18.67,3671795
9/05/2022,18.65,18.809999,18.639999,18.790001,18.790001,2072366
10/05/2022,18.74,18.85,18.360001,18.59,18.59,3242089
11/05/2022,18.74,18.799999,18.49,18.6,18.6,2024131
12/05/2022,18.51,18.59,18.27,18.33,18.33,2953768
13/05/2022,18.24,18.43,18.120001,18.35,18.35,2766586
16/05/2022,18.450001,18.67,18.32,18.610001,18.610001,2912490
17/05/2022,18.639999,18.85,18.629999,18.709999,18.709999,2147292
18/05/2022,18.6,18.629999,18.370001,18.450001,18.450001,3301948
19/05/2022,18.02,18.219999,17.57,17.82,17.82,6134933
20/05/2022,17.700001,18.02,17.620001,17.889999,17.889999,2913727
23/05/2022,17.790001,17.860001,17.700001,17.76,17.76,2979866
24/05/2022,17.74,17.889999,17.559999,17.65,17.65,3012790
25/05/2022,17.700001,18.08,17.68,18,18,3192874
26/05/2022,18,18.049999,17.549999,17.6,17.6,2727154
27/05/2022,17.780001,17.799999,17.360001,17.5,17.5,2591895
30/05/2022,17.690001,17.690001,17.450001,17.610001,17.610001,2486217
31/05/2022,17.48,17.635,17.41,17.530001,17.530001,9616778
1/06/2022,17.629999,17.84,17.559999,17.799999,17.799999,2390010
2/06/2022,17.6,17.73,17.5,17.719999,17.719999,2327985
3/06/2022,18,18.030001,17.68,17.73,17.73,1759414
6/06/2022,17.68,17.790001,17.65,17.709999,17.709999,2060954
7/06/2022,17.610001,17.700001,17.440001,17.450001,17.450001,3620006
8/06/2022,17.42,17.690001,17.370001,17.66,17.66,3430153
9/06/2022,17.700001,17.719999,17.530001,17.610001,17.610001,2018810
10/06/2022,17.620001,17.74,17.35,17.379999,17.379999,2871757
14/06/2022,16.799999,17.219999,16.540001,17.139999,17.139999,5916681
15/06/2022,17.290001,17.309999,16.91,16.93,16.93,5858151
16/06/2022,17.43,17.43,16.809999,16.809999,16.809999,4296765
17/06/2022,16.6,16.76,16.52,16.76,16.76,6701002
20/06/2022,16.860001,16.92,16.67,16.809999,16.809999,2712760
21/06/2022,16.99,17.23,16.9,17.200001,17.200001,2544828
22/06/2022,17.24,17.299999,17.1,17.23,17.23,2379584
23/06/2022,17.120001,17.690001,17.120001,17.620001,17.620001,2751022
24/06/2022,17.82,17.940001,17.66,17.809999,17.809999,3420630
27/06/2022,18,18.059999,17.83,17.92,17.92,2306886
28/06/2022,17.780001,17.9,17.67,17.870001,17.870001,3841908
29/06/2022,17.700001,18.09,17.68,18.02,18.02,3278144
30/06/2022,18.059999,18.24,17.809999,17.809999,17.809999,2833326
1/07/2022,17.98,18.01,17.82,17.84,17.84,1980143
4/07/2022,18.1,18.1,17.92,17.92,17.92,2043893
5/07/2022,17.9,18.09,17.700001,17.99,17.99,2632466
6/07/2022,18.040001,18.440001,18,18.290001,18.290001,4671556
7/07/2022,18.26,18.42,18.16,18.370001,18.370001,3351399
8/07/2022,18.219999,18.360001,18.08,18.33,18.33,3086824
11/07/2022,18.290001,18.389999,18.25,18.309999,18.309999,1800049
12/07/2022,18.450001,18.73,18.389999,18.65,18.65,3216006
13/07/2022,18.42,18.57,18.309999,18.48,18.48,3692356
14/07/2022,18.42,18.73,18.42,18.620001,18.620001,3310030
15/07/2022,18.620001,18.969999,18.6,18.950001,18.950001,3265188
18/07/2022,19,19.110001,18.67,18.82,18.82,1978866
19/07/2022,18.700001,18.780001,18.58,18.719999,18.719999,2149055
20/07/2022,18.77,18.805,18.559999,18.629999,18.629999,1985202
21/07/2022,18.790001,18.969999,18.639999,18.879999,18.879999,3214792
22/07/2022,18.799999,18.92,18.709999,18.860001,18.860001,3491303
25/07/2022,18.860001,18.92,18.719999,18.870001,18.870001,1627488
26/07/2022,18.77,18.85,18.559999,18.780001,18.780001,1794165
27/07/2022,18.889999,18.940001,18.639999,18.709999,18.709999,1899051
28/07/2022,18.690001,18.690001,18.49,18.639999,18.639999,2305577
29/07/2022,18.73,18.860001,18.65,18.75,18.75,3599614
