Date,Open,High,Low,Close,Adj Close,Volume,RBA,FED,CPI
20/08/2018,0.3,0.3,0.26,0.28,0.262887,14621347,1.5,2,113.5
21/08/2018,0.28,0.285,0.25,0.255,0.239415,2166061,1.5,2,113.5
22/08/2018,0.265,0.295,0.26,0.29,0.272276,6654300,1.5,2,113.5
23/08/2018,0.305,0.31,0.3,0.3,0.281665,3775078,1.5,2,113.5
24/08/2018,0.305,0.305,0.295,0.305,0.28636,3203045,1.5,2,113.5
27/08/2018,0.305,0.325,0.3,0.325,0.305137,3409526,1.5,2,113.5
28/08/2018,0.33,0.35,0.33,0.35,0.328609,6607357,1.5,2,113.5
29/08/2018,0.35,0.355,0.35,0.35,0.328609,4979401,1.5,2,113.5
30/08/2018,0.35,0.365,0.35,0.36,0.337998,6104643,1.5,2,113.5
31/08/2018,0.36,0.36,0.35,0.36,0.337998,4417823,1.5,2,113.5
3/09/2018,0.36,0.36,0.335,0.34,0.31922,2267697,1.5,2,113.5
4/09/2018,0.335,0.345,0.33,0.335,0.314526,1180484,1.5,2,113.5
5/09/2018,0.33,0.335,0.315,0.325,0.305137,2849753,1.5,2,113.5
6/09/2018,0.32,0.32,0.305,0.31,0.291054,2120214,1.5,2,113.5
7/09/2018,0.315,0.32,0.305,0.305,0.28636,339723,1.5,2,113.5
10/09/2018,0.305,0.31,0.3,0.305,0.28636,74128,1.5,2,113.5
11/09/2018,0.305,0.305,0.295,0.3,0.281665,104613,1.5,2,113.5
12/09/2018,0.305,0.305,0.29,0.29,0.272276,516469,1.5,2,113.5
13/09/2018,0.3,0.315,0.3,0.31,0.291054,2073687,1.5,2,113.5
14/09/2018,0.305,0.305,0.295,0.305,0.28636,110176,1.5,2,113.5
17/09/2018,0.305,0.31,0.3,0.31,0.291054,155607,1.5,2,113.5
18/09/2018,0.3,0.31,0.295,0.31,0.291054,369015,1.5,2,113.5
19/09/2018,0.3,0.34,0.295,0.31,0.291054,2389899,1.5,2,113.5
20/09/2018,0.32,0.335,0.31,0.315,0.295748,2630250,1.5,2,113.5
21/09/2018,0.32,0.325,0.315,0.315,0.295748,428568,1.5,2,113.5
24/09/2018,0.32,0.33,0.3,0.305,0.28636,888931,1.5,2,113.5
25/09/2018,0.31,0.31,0.3,0.305,0.28636,210545,1.5,2,113.5
26/09/2018,0.305,0.315,0.295,0.31,0.291054,98383,1.5,2.25,113.5
27/09/2018,0.3,0.31,0.28,0.3,0.281665,1813438,1.5,2.25,114.1
28/09/2018,0.3,0.33,0.3,0.325,0.305137,818343,1.5,2.25,114.1
1/10/2018,0.325,0.325,0.31,0.31,0.291054,47886,1.5,2.25,114.1
2/10/2018,0.31,0.315,0.3,0.3,0.281665,177743,1.5,2.25,114.1
3/10/2018,0.3,0.305,0.29,0.3,0.281665,593951,1.5,2.25,114.1
4/10/2018,0.3,0.31,0.295,0.31,0.291054,10728104,1.5,2.25,114.1
5/10/2018,0.3,0.3,0.29,0.3,0.281665,182053,1.5,2.25,114.1
8/10/2018,0.3,0.3,0.3,0.3,0.281665,438235,1.5,2.25,114.1
9/10/2018,0.3,0.31,0.29,0.3,0.281665,1312404,1.5,2.25,114.1
10/10/2018,0.3,0.31,0.3,0.31,0.291054,99285,1.5,2.25,114.1
11/10/2018,0.3,0.3,0.29,0.29,0.272276,202930,1.5,2.25,114.1
12/10/2018,0.29,0.295,0.28,0.295,0.276971,32079,1.5,2.25,114.1
15/10/2018,0.3,0.305,0.29,0.29,0.272276,454716,1.5,2.25,114.1
16/10/2018,0.29,0.29,0.29,0.29,0.272276,69574,1.5,2.25,114.1
17/10/2018,0.29,0.295,0.29,0.295,0.276971,127000,1.5,2.25,114.1
18/10/2018,0.29,0.29,0.29,0.29,0.272276,160182,1.5,2.25,114.1
19/10/2018,0.29,0.29,0.29,0.29,0.272276,310959,1.5,2.25,114.1
22/10/2018,0.29,0.29,0.29,0.29,0.272276,283782,1.5,2.25,114.1
23/10/2018,0.29,0.29,0.275,0.28,0.262887,689698,1.5,2.25,114.1
24/10/2018,0.28,0.28,0.265,0.27,0.253499,1066450,1.5,2.25,114.1
25/10/2018,0.265,0.28,0.265,0.275,0.258193,626943,1.5,2.25,114.1
26/10/2018,0.27,0.275,0.27,0.275,0.258193,788580,1.5,2.25,114.1
29/10/2018,0.275,0.275,0.27,0.27,0.253499,3953622,1.5,2.25,114.1
30/10/2018,0.265,0.27,0.25,0.265,0.248804,1293415,1.5,2.25,114.1
31/10/2018,0.27,0.28,0.26,0.275,0.258193,640285,1.5,2.25,114.1
1/11/2018,0.275,0.3,0.26,0.27,0.253499,1726009,1.5,2.25,114.1
2/11/2018,0.28,0.28,0.272,0.275,0.258193,181966,1.5,2.25,114.1
5/11/2018,0.28,0.285,0.275,0.275,0.258193,1444336,1.5,2.25,114.1
6/11/2018,0.27,0.29,0.265,0.29,0.272276,546481,1.5,2.25,114.1
7/11/2018,0.295,0.295,0.28,0.285,0.267582,191612,1.5,2.25,114.1
8/11/2018,0.29,0.29,0.285,0.285,0.267582,143339,1.5,2.25,114.1
9/11/2018,0.29,0.295,0.28,0.28,0.262887,1591603,1.5,2.25,114.1
12/11/2018,0.29,0.295,0.28,0.285,0.267582,862098,1.5,2.25,114.1
13/11/2018,0.275,0.28,0.27,0.27,0.253499,543450,1.5,2.25,114.1
14/11/2018,0.27,0.275,0.265,0.27,0.253499,507304,1.5,2.25,114.1
15/11/2018,0.265,0.27,0.265,0.265,0.248804,116399,1.5,2.25,114.1
16/11/2018,0.27,0.27,0.255,0.255,0.239415,219705,1.5,2.25,114.1
19/11/2018,0.265,0.265,0.25,0.25,0.234721,1055145,1.5,2.25,114.1
20/11/2018,0.26,0.26,0.26,0.26,0.24411,11428,1.5,2.25,114.1
21/11/2018,0.255,0.255,0.235,0.245,0.230026,361834,1.5,2.25,114.1
22/11/2018,0.245,0.25,0.245,0.25,0.234721,323071,1.5,2.25,114.1
23/11/2018,0.26,0.26,0.25,0.25,0.234721,88185,1.5,2.25,114.1
26/11/2018,0.25,0.25,0.24,0.24,0.225332,528196,1.5,2.25,114.1
27/11/2018,0.24,0.255,0.24,0.25,0.234721,886098,1.5,2.25,114.1
28/11/2018,0.245,0.255,0.245,0.255,0.239415,10181367,1.5,2.25,114.1
29/11/2018,0.255,0.265,0.255,0.265,0.248804,12465214,1.5,2.25,114.1
30/11/2018,0.265,0.27,0.26,0.26,0.24411,645276,1.5,2.25,114.1
3/12/2018,0.265,0.265,0.26,0.26,0.24411,254961,1.5,2.25,114.1
4/12/2018,0.27,0.28,0.26,0.265,0.248804,1458834,1.5,2.25,114.1
5/12/2018,0.26,0.265,0.255,0.2575,0.241763,266874,1.5,2.25,114.1
6/12/2018,0.26,0.26,0.247,0.25,0.234721,5651289,1.5,2.25,114.1
7/12/2018,0.25,0.26,0.25,0.25,0.234721,552086,1.5,2.25,114.1
10/12/2018,0.25,0.25,0.25,0.25,0.234721,30580,1.5,2.25,114.1
11/12/2018,0.25,0.25,0.25,0.25,0.234721,3000264,1.5,2.25,114.1
12/12/2018,0.25,0.25,0.25,0.25,0.234721,1,1.5,2.25,114.1
13/12/2018,0.25,0.25,0.23,0.235,0.220638,115729,1.5,2.25,114.1
14/12/2018,0.235,0.235,0.235,0.235,0.220638,74826,1.5,2.25,114.1
17/12/2018,0.24,0.24,0.23,0.23,0.215943,89776,1.5,2.25,114.1
18/12/2018,0.245,0.25,0.24,0.24,0.225332,658604,1.5,2.25,114.1
19/12/2018,0.24,0.24,0.235,0.24,0.225332,493889,1.5,2.5,114.1
20/12/2018,0.24,0.25,0.24,0.245,0.230026,206191,1.5,2.5,114.1
21/12/2018,0.245,0.245,0.245,0.245,0.230026,264391,1.5,2.5,114.1
24/12/2018,0.24,0.2425,0.23,0.24,0.225332,194500,1.5,2.5,114.1
27/12/2018,0.25,0.28,0.25,0.28,0.262887,126664,1.5,2.5,114.1
28/12/2018,0.26,0.27,0.26,0.27,0.253499,67192,1.5,2.5,114.1
31/12/2018,0.27,0.27,0.265,0.265,0.248804,631850,1.5,2.5,114.1
2/01/2019,0.27,0.27,0.24,0.265,0.248804,223745,1.5,2.5,114.1
3/01/2019,0.245,0.25,0.245,0.25,0.234721,94714,1.5,2.5,114.1
4/01/2019,0.25,0.25,0.23,0.25,0.234721,91947,1.5,2.5,114.1
7/01/2019,0.25,0.25,0.225,0.225,0.211249,337679,1.5,2.5,114.1
8/01/2019,0.225,0.23,0.22,0.23,0.215943,315618,1.5,2.5,114.1
9/01/2019,0.225,0.225,0.225,0.225,0.211249,132579,1.5,2.5,114.1
10/01/2019,0.225,0.24,0.225,0.24,0.225332,306209,1.5,2.5,114.1
11/01/2019,0.24,0.245,0.24,0.24,0.225332,756729,1.5,2.5,114.1
14/01/2019,0.24,0.24,0.23,0.235,0.220638,864532,1.5,2.5,114.1
15/01/2019,0.235,0.25,0.23,0.245,0.230026,736097,1.5,2.5,114.1
16/01/2019,0.255,0.26,0.25,0.26,0.24411,1946773,1.5,2.5,114.1
17/01/2019,0.26,0.26,0.25,0.25,0.234721,819805,1.5,2.5,114.1
18/01/2019,0.255,0.26,0.25,0.26,0.24411,476184,1.5,2.5,114.1
21/01/2019,0.26,0.265,0.255,0.255,0.239415,198090,1.5,2.5,114.1
22/01/2019,0.255,0.26,0.255,0.26,0.24411,180977,1.5,2.5,114.1
23/01/2019,0.255,0.265,0.255,0.26,0.24411,3411357,1.5,2.5,114.1
24/01/2019,0.26,0.285,0.26,0.28,0.262887,279892,1.5,2.5,114.1
25/01/2019,0.28,0.305,0.28,0.285,0.267582,1271332,1.5,2.5,114.1
29/01/2019,0.3,0.3,0.285,0.285,0.267582,3350680,1.5,2.5,114.1
30/01/2019,0.29,0.3,0.29,0.295,0.276971,389510,1.5,2.5,114.1
31/01/2019,0.305,0.325,0.3,0.325,0.305137,2086006,1.5,2.5,114.1
1/02/2019,0.32,0.325,0.31,0.31,0.291054,2313143,1.5,2.5,114.1
4/02/2019,0.31,0.325,0.31,0.315,0.295748,1091804,1.5,2.5,114.1
5/02/2019,0.33,0.35,0.325,0.33,0.309832,3580741,1.5,2.5,114.1
6/02/2019,0.335,0.34,0.335,0.34,0.31922,960858,1.5,2.5,114.1
7/02/2019,0.345,0.35,0.345,0.35,0.328609,2844222,1.5,2.5,114.1
8/02/2019,0.355,0.36,0.345,0.35,0.328609,1235908,1.5,2.5,114.1
11/02/2019,0.36,0.39,0.355,0.38,0.356776,2626385,1.5,2.5,114.1
12/02/2019,0.375,0.38,0.37,0.375,0.352081,676354,1.5,2.5,114.1
13/02/2019,0.38,0.39,0.37,0.38,0.356776,1061738,1.5,2.5,114.1
14/02/2019,0.385,0.385,0.37,0.375,0.352081,1235456,1.5,2.5,114.1
15/02/2019,0.375,0.39,0.36,0.39,0.366165,2914020,1.5,2.5,114.1
18/02/2019,0.395,0.42,0.385,0.41,0.384942,2340666,1.5,2.5,114.1
19/02/2019,0.41,0.41,0.385,0.39,0.366165,1634236,1.5,2.5,114.1
20/02/2019,0.4,0.4,0.39,0.39,0.366165,4219767,1.5,2.5,114.1
21/02/2019,0.4,0.405,0.39,0.4,0.375553,1982813,1.5,2.5,114.1
22/02/2019,0.405,0.425,0.4,0.425,0.399026,1493487,1.5,2.5,114.1
25/02/2019,0.43,0.45,0.43,0.445,0.417803,2783683,1.5,2.5,114.1
26/02/2019,0.45,0.45,0.43,0.445,0.417803,1322407,1.5,2.5,114.1
27/02/2019,0.45,0.46,0.445,0.455,0.427192,2471991,1.5,2.5,114.1
28/02/2019,0.455,0.455,0.435,0.455,0.427192,3700594,1.5,2.5,114.1
1/03/2019,0.445,0.445,0.425,0.435,0.408414,1442258,1.5,2.5,114.1
4/03/2019,0.435,0.44,0.42,0.425,0.399026,719899,1.5,2.5,114.1
5/03/2019,0.43,0.43,0.38,0.405,0.380248,2258425,1.5,2.5,114.1
6/03/2019,0.41,0.44,0.41,0.44,0.413109,1743670,1.5,2.5,114.1
7/03/2019,0.425,0.43,0.412,0.42,0.394331,593453,1.5,2.5,114.1
8/03/2019,0.42,0.425,0.42,0.42,0.394331,665699,1.5,2.5,114.1
11/03/2019,0.43,0.43,0.41,0.415,0.389637,416578,1.5,2.5,114.1
12/03/2019,0.415,0.415,0.4,0.41,0.384942,678676,1.5,2.5,114.1
13/03/2019,0.4,0.41,0.395,0.4,0.375553,475595,1.5,2.5,114.1
14/03/2019,0.41,0.41,0.395,0.395,0.370859,536597,1.5,2.5,114.1
15/03/2019,0.395,0.4,0.38,0.4,0.375553,1989377,1.5,2.5,114.1
18/03/2019,0.4,0.4,0.385,0.385,0.36147,212004,1.5,2.5,114.1
19/03/2019,0.39,0.395,0.39,0.39,0.366165,3227206,1.5,2.5,114.1
20/03/2019,0.39,0.415,0.385,0.4,0.375553,1553174,1.5,2.5,114.1
21/03/2019,0.4,0.43,0.395,0.43,0.40372,1772259,1.5,2.5,114.1
22/03/2019,0.435,0.435,0.42,0.435,0.408414,1326990,1.5,2.5,114.1
25/03/2019,0.43,0.43,0.42,0.43,0.40372,856397,1.5,2.5,114.1
26/03/2019,0.43,0.43,0.415,0.425,0.399026,663782,1.5,2.5,114.1
27/03/2019,0.42,0.43,0.42,0.43,0.40372,630594,1.5,2.5,114.1
28/03/2019,0.435,0.435,0.415,0.43,0.40372,349945,1.5,2.5,114.8
29/03/2019,0.43,0.43,0.415,0.425,0.399026,1430356,1.5,2.5,114.8
1/04/2019,0.42,0.42,0.415,0.42,0.394331,297211,1.5,2.5,114.8
2/04/2019,0.42,0.425,0.42,0.42,0.394331,123511,1.5,2.5,114.8
3/04/2019,0.425,0.445,0.415,0.435,0.408414,1199404,1.5,2.5,114.8
4/04/2019,0.435,0.44,0.415,0.42,0.394331,787627,1.5,2.5,114.8
5/04/2019,0.42,0.42,0.41,0.41,0.384942,693035,1.5,2.5,114.8
8/04/2019,0.41,0.415,0.41,0.41,0.384942,306206,1.5,2.5,114.8
9/04/2019,0.41,0.415,0.405,0.405,0.380248,376549,1.5,2.5,114.8
10/04/2019,0.41,0.435,0.41,0.425,0.399026,1141437,1.5,2.5,114.8
11/04/2019,0.44,0.445,0.435,0.435,0.408414,955931,1.5,2.5,114.8
12/04/2019,0.435,0.435,0.41,0.425,0.399026,497782,1.5,2.5,114.8
15/04/2019,0.435,0.435,0.41,0.415,0.389637,301803,1.5,2.5,114.8
16/04/2019,0.42,0.4225,0.41,0.415,0.389637,301560,1.5,2.5,114.8
17/04/2019,0.427,0.435,0.42,0.435,0.408414,395365,1.5,2.5,114.8
18/04/2019,0.44,0.445,0.425,0.435,0.408414,553483,1.5,2.5,114.8
23/04/2019,0.44,0.46,0.44,0.46,0.431886,1728408,1.5,2.5,114.8
24/04/2019,0.46,0.465,0.435,0.445,0.417803,1690509,1.5,2.5,114.8
26/04/2019,0.44,0.44,0.41,0.415,0.389637,776974,1.5,2.5,114.8
29/04/2019,0.41,0.43,0.41,0.42,0.394331,221542,1.5,2.5,114.8
30/04/2019,0.42,0.43,0.42,0.42,0.394331,1242312,1.5,2.5,114.8
1/05/2019,0.42,0.44,0.42,0.425,0.399026,469333,1.5,2.5,114.8
2/05/2019,0.425,0.435,0.42,0.425,0.399026,594977,1.5,2.5,114.8
3/05/2019,0.435,0.445,0.427,0.43,0.40372,734706,1.5,2.5,114.8
6/05/2019,0.43,0.435,0.37,0.4,0.375553,750217,1.5,2.5,114.8
7/05/2019,0.41,0.42,0.405,0.415,0.389637,386392,1.5,2.5,114.8
8/05/2019,0.415,0.445,0.415,0.425,0.399026,514483,1.5,2.5,114.8
9/05/2019,0.43,0.44,0.43,0.435,0.408414,245101,1.5,2.5,114.8
10/05/2019,0.44,0.445,0.425,0.435,0.408414,450451,1.5,2.5,114.8
13/05/2019,0.43,0.445,0.42,0.435,0.408414,249643,1.5,2.5,114.8
14/05/2019,0.435,0.435,0.41,0.41,0.384942,480463,1.5,2.5,114.8
15/05/2019,0.43,0.435,0.42,0.43,0.40372,184141,1.5,2.5,114.8
16/05/2019,0.435,0.435,0.41,0.425,0.399026,321941,1.5,2.5,114.8
17/05/2019,0.425,0.435,0.415,0.425,0.399026,1576005,1.5,2.5,114.8
20/05/2019,0.435,0.435,0.42,0.425,0.399026,48315,1.5,2.5,114.8
21/05/2019,0.43,0.43,0.41,0.42,0.394331,233604,1.5,2.5,114.8
22/05/2019,0.43,0.435,0.415,0.43,0.40372,324541,1.5,2.5,114.8
23/05/2019,0.43,0.43,0.405,0.405,0.380248,212709,1.5,2.5,114.8
24/05/2019,0.41,0.42,0.405,0.42,0.394331,153827,1.5,2.5,114.8
27/05/2019,0.42,0.43,0.415,0.42,0.394331,323220,1.5,2.5,114.8
28/05/2019,0.415,0.42,0.415,0.415,0.389637,276564,1.5,2.5,114.8
29/05/2019,0.415,0.425,0.405,0.42,0.394331,362819,1.5,2.5,114.8
30/05/2019,0.425,0.435,0.415,0.425,0.399026,2415275,1.5,2.5,114.8
31/05/2019,0.425,0.43,0.42,0.425,0.399026,236384,1.5,2.5,114.8
3/06/2019,0.425,0.425,0.425,0.425,0.399026,0,1.5,2.5,114.8
4/06/2019,0.425,0.425,0.425,0.425,0.399026,0,1.5,2.5,114.8
5/06/2019,0.41,0.425,0.41,0.42,0.394331,3832206,1.5,2.5,114.8
6/06/2019,0.42,0.425,0.4,0.405,0.380248,1341271,1.25,2.5,114.8
7/06/2019,0.405,0.405,0.4,0.4,0.375553,1251560,1.25,2.5,114.8
11/06/2019,0.4,0.41,0.395,0.41,0.384942,1122995,1.25,2.5,114.8
12/06/2019,0.41,0.41,0.39,0.395,0.370859,3639483,1.25,2.5,114.8
13/06/2019,0.4,0.41,0.38,0.38,0.356776,998232,1.25,2.5,114.8
14/06/2019,0.385,0.395,0.385,0.39,0.366165,437770,1.25,2.5,114.8
17/06/2019,0.39,0.39,0.37,0.37,0.347387,952012,1.25,2.5,114.8
18/06/2019,0.375,0.395,0.375,0.395,0.370859,280483,1.25,2.5,114.8
19/06/2019,0.395,0.4,0.39,0.4,0.375553,405805,1.25,2.5,114.8
20/06/2019,0.4,0.41,0.392,0.405,0.380248,604152,1.25,2.5,114.8
21/06/2019,0.415,0.427,0.415,0.415,0.389637,649881,1.25,2.5,114.8
24/06/2019,0.42,0.42,0.405,0.41,0.384942,445313,1.25,2.5,114.8
25/06/2019,0.415,0.42,0.405,0.415,0.389637,508805,1.25,2.5,114.8
26/06/2019,0.415,0.415,0.405,0.415,0.389637,334284,1.25,2.5,114.8
27/06/2019,0.405,0.415,0.405,0.415,0.389637,454319,1.25,2.5,115.4
28/06/2019,0.41,0.415,0.4,0.415,0.389637,365488,1.25,2.5,115.4
1/07/2019,0.415,0.42,0.4,0.41,0.384942,574686,1.25,2.5,115.4
2/07/2019,0.41,0.41,0.39,0.405,0.380248,540042,1.25,2.5,115.4
3/07/2019,0.415,0.42,0.4,0.4,0.375553,1076007,1.25,2.5,115.4
4/07/2019,0.405,0.43,0.405,0.43,0.40372,1442726,1,2.5,115.4
5/07/2019,0.435,0.455,0.43,0.445,0.417803,3206336,1,2.5,115.4
8/07/2019,0.455,0.455,0.435,0.44,0.413109,642574,1,2.5,115.4
9/07/2019,0.45,0.45,0.44,0.445,0.417803,210940,1,2.5,115.4
10/07/2019,0.445,0.45,0.44,0.445,0.417803,441747,1,2.5,115.4
11/07/2019,0.445,0.455,0.435,0.44,0.413109,3404778,1,2.5,115.4
12/07/2019,0.445,0.45,0.44,0.445,0.417803,1128511,1,2.5,115.4
15/07/2019,0.445,0.45,0.43,0.44,0.413109,960128,1,2.5,115.4
16/07/2019,0.45,0.47,0.45,0.46,0.431886,2013992,1,2.5,115.4
17/07/2019,0.465,0.475,0.455,0.47,0.441275,3154043,1,2.5,115.4
18/07/2019,0.47,0.5,0.465,0.485,0.455359,4857633,1,2.5,115.4
19/07/2019,0.495,0.54,0.49,0.535,0.502303,5849858,1,2.5,115.4
22/07/2019,0.53,0.585,0.52,0.56,0.525775,4480973,1,2.5,115.4
23/07/2019,0.55,0.55,0.515,0.53,0.497608,2286208,1,2.5,115.4
24/07/2019,0.53,0.54,0.525,0.535,0.502303,5441247,1,2.5,115.4
25/07/2019,0.555,0.57,0.55,0.555,0.52108,9165204,1,2.5,115.4
26/07/2019,0.55,0.565,0.535,0.555,0.52108,2078719,1,2.5,115.4
29/07/2019,0.56,0.56,0.55,0.55,0.516386,1982227,1,2.5,115.4
30/07/2019,0.55,0.565,0.545,0.55,0.516386,2902587,1,2.5,115.4
31/07/2019,0.56,0.565,0.545,0.55,0.516386,3521071,1,2.25,115.4
1/08/2019,0.545,0.56,0.535,0.55,0.516386,2047070,1,2.25,115.4
2/08/2019,0.555,0.56,0.535,0.54,0.506997,1607266,1,2.25,115.4
5/08/2019,0.54,0.545,0.505,0.505,0.474136,1466042,1,2.25,115.4
6/08/2019,0.48,0.51,0.46,0.51,0.478831,3376808,1,2.25,115.4
7/08/2019,0.51,0.55,0.5,0.55,0.516386,1883243,1,2.25,115.4
8/08/2019,0.56,0.585,0.54,0.56,0.525775,6362495,1,2.25,115.4
9/08/2019,0.58,0.625,0.58,0.605,0.568025,10199299,1,2.25,115.4
12/08/2019,0.595,0.595,0.57,0.575,0.539858,2490628,1,2.25,115.4
13/08/2019,0.565,0.5925,0.56,0.575,0.539858,2664973,1,2.25,115.4
14/08/2019,0.585,0.605,0.575,0.575,0.539858,1994953,1,2.25,115.4
15/08/2019,0.55,0.57,0.53,0.56,0.525775,2038003,1,2.25,115.4
16/08/2019,0.57,0.585,0.555,0.57,0.535164,1241722,1,2.25,115.4
19/08/2019,0.58,0.58,0.56,0.57,0.535164,663767,1,2.25,115.4
20/08/2019,0.565,0.577,0.555,0.56,0.525775,1268516,1,2.25,115.4
21/08/2019,0.55,0.57,0.545,0.55,0.516386,1045992,1,2.25,115.4
22/08/2019,0.57,0.575,0.545,0.55,0.516386,914577,1,2.25,115.4
23/08/2019,0.555,0.56,0.545,0.555,0.52108,1766751,1,2.25,115.4
26/08/2019,0.55,0.56,0.535,0.545,0.511692,804423,1,2.25,115.4
27/08/2019,0.545,0.58,0.545,0.57,0.535164,1533134,1,2.25,115.4
28/08/2019,0.57,0.575,0.55,0.565,0.530469,1938627,1,2.25,115.4
29/08/2019,0.575,0.59,0.54,0.545,0.511692,2499189,1,2.25,115.4
30/08/2019,0.565,0.57,0.545,0.55,0.516386,2531414,1,2.25,115.4
2/09/2019,0.61,0.64,0.59,0.635,0.596191,21171652,1,2.25,115.4
3/09/2019,0.64,0.65,0.615,0.625,0.586802,10349416,1,2.25,115.4
4/09/2019,0.625,0.64,0.6,0.64,0.600885,3952901,1,2.25,115.4
5/09/2019,0.645,0.69,0.625,0.69,0.64783,11569859,1,2.25,115.4
6/09/2019,0.68,0.68,0.65,0.65,0.610274,5520856,1,2.25,115.4
9/09/2019,0.655,0.66,0.63,0.655,0.614969,3858036,1,2.25,115.4
10/09/2019,0.68,0.71,0.677,0.695,0.652524,19245817,1,2.25,115.4
11/09/2019,0.7,0.71,0.685,0.695,0.652524,4335331,1,2.25,115.4
12/09/2019,0.7,0.705,0.695,0.7,0.657219,4135072,1,2.25,115.4
13/09/2019,0.715,0.73,0.71,0.72,0.675996,5850150,1,2.25,115.4
16/09/2019,0.745,0.75,0.722,0.73,0.685385,5047855,1,2.25,115.4
17/09/2019,0.725,0.745,0.722,0.73,0.685385,4846311,1,2.25,115.4
18/09/2019,0.72,0.735,0.705,0.705,0.661913,3080573,1,2,115.4
19/09/2019,0.715,0.73,0.71,0.725,0.680691,1971700,1,2,115.4
20/09/2019,0.735,0.75,0.725,0.74,0.694774,49522208,1,2,115.4
23/09/2019,0.74,0.75,0.73,0.74,0.694774,1951304,1,2,115.4
24/09/2019,0.735,0.75,0.73,0.74,0.694774,2607470,1,2,115.4
25/09/2019,0.745,0.745,0.71,0.71,0.666607,7977217,1,2,115.4
26/09/2019,0.71,0.72,0.69,0.7,0.657219,3479841,1,2,115.4
27/09/2019,0.71,0.71,0.685,0.7,0.657219,1562292,1,2,116.2
30/09/2019,0.695,0.695,0.665,0.685,0.643135,3691496,1,2,116.2
1/10/2019,0.7,0.7,0.665,0.665,0.624358,6621579,1,2,116.2
2/10/2019,0.665,0.665,0.63,0.64,0.600885,3210695,1,2,116.2
3/10/2019,0.635,0.67,0.632,0.67,0.629052,1064107,0.75,2,116.2
4/10/2019,0.67,0.68,0.655,0.675,0.633746,1694692,0.75,2,116.2
7/10/2019,0.67,0.69,0.67,0.685,0.643135,5104140,0.75,2,116.2
8/10/2019,0.675,0.685,0.66,0.675,0.633746,510062,0.75,2,116.2
9/10/2019,0.67,0.67,0.65,0.66,0.619663,1249183,0.75,2,116.2
10/10/2019,0.65,0.68,0.65,0.67,0.629052,2478948,0.75,2,116.2
11/10/2019,0.67,0.6725,0.66,0.665,0.624358,3853357,0.75,2,116.2
14/10/2019,0.67,0.7,0.665,0.68,0.638441,3127903,0.75,2,116.2
15/10/2019,0.66,0.675,0.64,0.67,0.629052,3225738,0.75,2,116.2
16/10/2019,0.675,0.675,0.657,0.675,0.633746,1451832,0.75,2,116.2
17/10/2019,0.655,0.66,0.612,0.645,0.60558,4202315,0.75,2,116.2
18/10/2019,0.645,0.655,0.625,0.65,0.610274,2364302,0.75,2,116.2
21/10/2019,0.64,0.657,0.64,0.64,0.600885,2426993,0.75,2,116.2
22/10/2019,0.645,0.645,0.63,0.63,0.591497,2978475,0.75,2,116.2
23/10/2019,0.63,0.6475,0.625,0.63,0.591497,3554541,0.75,2,116.2
24/10/2019,0.63,0.67,0.63,0.635,0.596191,2659134,0.75,2,116.2
25/10/2019,0.64,0.65,0.627,0.635,0.596191,6929211,0.75,2,116.2
28/10/2019,0.63,0.635,0.625,0.625,0.586802,1212612,0.75,2,116.2
29/10/2019,0.65,0.66,0.64,0.65,0.610274,7884557,0.75,2,116.2
30/10/2019,0.645,0.65,0.635,0.64,0.600885,3194634,0.75,1.75,116.2
31/10/2019,0.645,0.645,0.63,0.64,0.600885,7443735,0.75,1.75,116.2
1/11/2019,0.645,0.65,0.625,0.635,0.596191,3031745,0.75,1.75,116.2
4/11/2019,0.65,0.665,0.64,0.65,0.610274,2398534,0.75,1.75,116.2
5/11/2019,0.65,0.655,0.64,0.65,0.610274,5018328,0.75,1.75,116.2
6/11/2019,0.655,0.66,0.63,0.635,0.596191,1756013,0.75,1.75,116.2
7/11/2019,0.655,0.655,0.625,0.63,0.591497,1999733,0.75,1.75,116.2
8/11/2019,0.635,0.64,0.6,0.6,0.56333,6208610,0.75,1.75,116.2
11/11/2019,0.6,0.61,0.585,0.59,0.553941,2895462,0.75,1.75,116.2
12/11/2019,0.585,0.585,0.56,0.565,0.530469,4724661,0.75,1.75,116.2
13/11/2019,0.565,0.575,0.555,0.56,0.525775,19087410,0.75,1.75,116.2
14/11/2019,0.565,0.57,0.54,0.565,0.530469,14249789,0.75,1.75,116.2
15/11/2019,0.57,0.57,0.545,0.565,0.530469,2648499,0.75,1.75,116.2
18/11/2019,0.56,0.5625,0.547,0.555,0.52108,1513561,0.75,1.75,116.2
19/11/2019,0.56,0.56,0.542,0.555,0.52108,4456801,0.75,1.75,116.2
20/11/2019,0.55,0.5675,0.55,0.56,0.525775,12013299,0.75,1.75,116.2
21/11/2019,0.55,0.555,0.51,0.54,0.506997,7548788,0.75,1.75,116.2
22/11/2019,0.53,0.59,0.53,0.585,0.549247,4716870,0.75,1.75,116.2
25/11/2019,0.6,0.62,0.59,0.595,0.558636,6261581,0.75,1.75,116.2
26/11/2019,0.6,0.615,0.575,0.575,0.539858,3548481,0.75,1.75,116.2
27/11/2019,0.58,0.595,0.575,0.58,0.544553,1727371,0.75,1.75,116.2
28/11/2019,0.58,0.615,0.58,0.61,0.572719,1494906,0.75,1.75,116.2
29/11/2019,0.61,0.63,0.61,0.62,0.582108,6399952,0.75,1.75,116.2
2/12/2019,0.62,0.62,0.595,0.605,0.568025,1484062,0.75,1.75,116.2
3/12/2019,0.6,0.6,0.57,0.575,0.539858,3431958,0.75,1.75,116.2
4/12/2019,0.58,0.58,0.545,0.55,0.516386,2697484,0.75,1.75,116.2
5/12/2019,0.555,0.575,0.545,0.55,0.516386,2272997,0.75,1.75,116.2
6/12/2019,0.565,0.57,0.55,0.555,0.52108,1693997,0.75,1.75,116.2
9/12/2019,0.55,0.575,0.55,0.57,0.535164,1615094,0.75,1.75,116.2
10/12/2019,0.565,0.582,0.56,0.57,0.535164,1534666,0.75,1.75,116.2
11/12/2019,0.58,0.61,0.575,0.61,0.572719,2585999,0.75,1.75,116.2
12/12/2019,0.615,0.63,0.595,0.595,0.558636,2825968,0.75,1.75,116.2
13/12/2019,0.61,0.645,0.61,0.645,0.60558,9548129,0.75,1.75,116.2
16/12/2019,0.65,0.65,0.625,0.64,0.600885,5453947,0.75,1.75,116.2
17/12/2019,0.64,0.645,0.61,0.61,0.572719,2260327,0.75,1.75,116.2
18/12/2019,0.62,0.625,0.6,0.615,0.577413,1543326,0.75,1.75,116.2
19/12/2019,0.605,0.615,0.58,0.595,0.558636,3975876,0.75,1.75,116.2
20/12/2019,0.6,0.635,0.6,0.63,0.591497,7306336,0.75,1.75,116.2
23/12/2019,0.64,0.64,0.605,0.62,0.582108,1167654,0.75,1.75,116.2
24/12/2019,0.62,0.64,0.62,0.635,0.596191,862279,0.75,1.75,116.2
27/12/2019,0.635,0.655,0.632,0.645,0.60558,838628,0.75,1.75,116.2
30/12/2019,0.65,0.665,0.64,0.665,0.624358,1700215,0.75,1.75,116.6
31/12/2019,0.655,0.67,0.645,0.655,0.614969,6155902,0.75,1.75,116.6
2/01/2020,0.655,0.665,0.64,0.645,0.60558,916579,0.75,1.75,116.6
3/01/2020,0.64,0.665,0.64,0.65,0.610274,574637,0.75,1.75,116.6
6/01/2020,0.65,0.655,0.635,0.645,0.60558,872730,0.75,1.75,116.6
7/01/2020,0.645,0.66,0.635,0.635,0.596191,1592479,0.75,1.75,116.6
8/01/2020,0.65,0.66,0.645,0.65,0.610274,1400496,0.75,1.75,116.6
9/01/2020,0.655,0.685,0.655,0.685,0.643135,2917716,0.75,1.75,116.6
10/01/2020,0.675,0.725,0.67,0.7,0.657219,5867040,0.75,1.75,116.6
13/01/2020,0.705,0.74,0.705,0.72,0.675996,2201371,0.75,1.75,116.6
14/01/2020,0.725,0.735,0.705,0.72,0.675996,1018536,0.75,1.75,116.6
15/01/2020,0.73,0.73,0.69,0.7,0.657219,5044052,0.75,1.75,116.6
16/01/2020,0.71,0.715,0.687,0.69,0.64783,2514372,0.75,1.75,116.6
17/01/2020,0.7,0.71,0.69,0.695,0.652524,2797275,0.75,1.75,116.6
20/01/2020,0.705,0.735,0.697,0.715,0.671302,1799532,0.75,1.75,116.6
21/01/2020,0.715,0.725,0.695,0.7,0.657219,2542237,0.75,1.75,116.6
22/01/2020,0.705,0.705,0.69,0.7,0.657219,4505780,0.75,1.75,116.6
23/01/2020,0.7,0.705,0.68,0.7,0.657219,2673256,0.75,1.75,116.6
24/01/2020,0.7,0.71,0.672,0.68,0.638441,3287324,0.75,1.75,116.6
28/01/2020,0.63,0.665,0.597,0.61,0.572719,12907886,0.75,1.75,116.6
29/01/2020,0.64,0.64,0.62,0.625,0.586802,2736611,0.75,1.75,116.6
30/01/2020,0.62,0.6275,0.61,0.615,0.577413,2400888,0.75,1.75,116.6
31/01/2020,0.615,0.625,0.61,0.625,0.586802,2554193,0.75,1.75,116.6
3/02/2020,0.605,0.605,0.57,0.585,0.549247,4764954,0.75,1.75,116.6
4/02/2020,0.59,0.595,0.58,0.59,0.553941,3734208,0.75,1.75,116.6
5/02/2020,0.59,0.595,0.585,0.59,0.553941,4346441,0.75,1.75,116.6
6/02/2020,0.61,0.62,0.59,0.595,0.558636,1305508,0.75,1.75,116.6
7/02/2020,0.595,0.605,0.58,0.585,0.549247,1957953,0.75,1.75,116.6
10/02/2020,0.585,0.59,0.57,0.575,0.539858,1970749,0.75,1.75,116.6
11/02/2020,0.6,0.6,0.58,0.58,0.544553,2657831,0.75,1.75,116.6
12/02/2020,0.59,0.595,0.582,0.59,0.553941,1725549,0.75,1.75,116.6
13/02/2020,0.6,0.605,0.585,0.585,0.549247,1498958,0.75,1.75,116.6
14/02/2020,0.595,0.595,0.575,0.59,0.553941,8248995,0.75,1.75,116.6
17/02/2020,0.595,0.61,0.585,0.59,0.553941,3557048,0.75,1.75,116.6
18/02/2020,0.575951,0.575951,0.551953,0.556752,0.522725,3293931,0.75,1.75,116.6
19/02/2020,0.551953,0.59035,0.547153,0.58075,0.545257,1796148,0.75,1.75,116.6
20/02/2020,0.59035,0.609548,0.58555,0.595149,0.558776,10880031,0.75,1.75,116.6
21/02/2020,0.58555,0.599949,0.575951,0.58555,0.549763,3632070,0.75,1.75,116.6
24/02/2020,0.575951,0.575951,0.515476,0.532754,0.500194,5651450,0.75,1.75,116.6
25/02/2020,0.508756,0.532754,0.494358,0.513556,0.482169,5828889,0.75,1.75,116.6
26/02/2020,0.503957,0.513556,0.489558,0.503957,0.473157,3891111,0.75,1.75,116.6
27/02/2020,0.503957,0.518356,0.479959,0.489558,0.459638,3118808,0.75,1.75,116.6
28/02/2020,0.475159,0.479959,0.441562,0.479959,0.450626,13824769,0.75,1.75,116.6
2/03/2020,0.460761,0.475159,0.431963,0.460761,0.432601,4768417,0.75,1.75,116.6
3/03/2020,0.499157,0.499157,0.460761,0.460761,0.432601,4357678,0.75,1.75,116.6
4/03/2020,0.475159,0.475159,0.451161,0.47036,0.441613,2509235,0.75,1.25,116.6
5/03/2020,0.489558,0.494358,0.460761,0.475159,0.446119,3571466,0.5,1.25,116.6
6/03/2020,0.47036,0.47036,0.451161,0.455961,0.428094,1007585,0.5,1.25,116.6
9/03/2020,0.431963,0.436763,0.388767,0.403165,0.378525,8033770,0.5,1.25,116.6
10/03/2020,0.403165,0.427163,0.383967,0.422364,0.396551,13592827,0.5,1.25,116.6
11/03/2020,0.436763,0.441562,0.379167,0.383967,0.3605,12148992,0.5,1.25,116.6
12/03/2020,0.374368,0.383967,0.335971,0.340771,0.319944,6895413,0.5,1.25,116.6
13/03/2020,0.311973,0.359969,0.307174,0.359969,0.337969,10601081,0.5,1.25,116.6
16/03/2020,0.359969,0.359969,0.321572,0.335971,0.315438,7995179,0.5,1.25,116.6
17/03/2020,0.307174,0.34557,0.287975,0.292775,0.274882,12804383,0.5,1.25,116.6
18/03/2020,0.302374,0.316773,0.287975,0.311973,0.292906,49801081,0.5,1.25,116.6
19/03/2020,0.302374,0.34557,0.292775,0.331171,0.310931,21700040,0.5,1.25,116.6
20/03/2020,0.34557,0.403165,0.335971,0.355169,0.333462,15032766,0.5,1.25,116.6
23/03/2020,0.355169,0.383967,0.302374,0.383967,0.3605,9220278,0.25,1.25,116.6
24/03/2020,0.374368,0.386367,0.34557,0.383967,0.3605,16479063,0.25,1.25,116.6
25/03/2020,0.379167,0.407965,0.35037,0.407965,0.383032,30736916,0.25,1.25,116.6
26/03/2020,0.393566,0.407965,0.369568,0.403165,0.378525,7469313,0.25,1.25,116.6
27/03/2020,0.393566,0.431963,0.393566,0.407965,0.383032,32930874,0.25,1.25,116.6
30/03/2020,0.412765,0.451161,0.407965,0.451161,0.423588,12555399,0.25,1.25,114.4
31/03/2020,0.460761,0.499157,0.427163,0.451161,0.423588,29236323,0.25,1.25,114.4
1/04/2020,0.441562,0.489558,0.431963,0.451161,0.423588,6452239,0.25,1.25,114.4
2/04/2020,0.446362,0.47036,0.431963,0.455961,0.428094,8910330,0.25,1.25,114.4
3/04/2020,0.460761,0.47036,0.417564,0.446362,0.419082,19078204,0.25,1.25,114.4
6/04/2020,0.455961,0.46556,0.441562,0.451161,0.423588,2173441,0.25,1.25,114.4
7/04/2020,0.460761,0.47036,0.441562,0.446362,0.419082,5139156,0.25,1.25,114.4
8/04/2020,0.455961,0.460761,0.446362,0.451161,0.423588,2997269,0.25,1.25,114.4
9/04/2020,0.460761,0.481879,0.451161,0.479959,0.450626,4348077,0.25,1.25,114.4
14/04/2020,0.479959,0.499157,0.46556,0.494358,0.464145,2067191,0.25,1.25,114.4
15/04/2020,0.494358,0.499157,0.460761,0.47036,0.441613,2676702,0.25,1.25,114.4
16/04/2020,0.460761,0.46556,0.431963,0.451161,0.423588,4926046,0.25,1.25,114.4
17/04/2020,0.455961,0.479959,0.455961,0.479959,0.450626,1583945,0.25,1.25,114.4
20/04/2020,0.47036,0.489558,0.460761,0.47036,0.441613,961041,0.25,1.25,114.4
21/04/2020,0.47036,0.475159,0.460761,0.460761,0.432601,4197734,0.25,1.25,114.4
22/04/2020,0.460761,0.47036,0.460761,0.46556,0.437107,2191012,0.25,1.25,114.4
23/04/2020,0.475159,0.479959,0.46556,0.47036,0.441613,1358654,0.25,1.25,114.4
24/04/2020,0.475159,0.479959,0.46556,0.475159,0.446119,1180792,0.25,1.25,114.4
27/04/2020,0.479959,0.494358,0.46556,0.47036,0.441613,2408777,0.25,1.25,114.4
28/04/2020,0.484759,0.489558,0.47036,0.484759,0.455132,1556521,0.25,1.25,114.4
29/04/2020,0.494358,0.527955,0.484759,0.508756,0.477663,17251420,0.25,1.25,114.4
30/04/2020,0.503957,0.537554,0.503957,0.527955,0.495688,5847558,0.25,1.25,114.4
1/05/2020,0.523155,0.532754,0.499157,0.527955,0.495688,35902112,0.25,1.25,114.4
4/05/2020,0.518356,0.537554,0.503957,0.518356,0.486676,4029225,0.25,1.25,114.4
5/05/2020,0.523155,0.575951,0.523155,0.532754,0.500194,7278839,0.25,1.25,114.4
6/05/2020,0.537554,0.542354,0.523155,0.542354,0.509207,58155650,0.25,1.25,114.4
7/05/2020,0.561552,0.561552,0.532754,0.551953,0.51822,4561099,0.25,1.25,114.4
8/05/2020,0.551953,0.575951,0.551953,0.566352,0.531739,5763101,0.25,1.25,114.4
11/05/2020,0.571151,0.571151,0.551953,0.551953,0.51822,2909953,0.25,1.25,114.4
12/05/2020,0.556752,0.566352,0.542354,0.547153,0.513713,2032284,0.25,1.25,114.4
13/05/2020,0.547153,0.561552,0.534674,0.537554,0.504701,3579428,0.25,1.25,114.4
14/05/2020,0.537554,0.542354,0.513556,0.527955,0.495688,3944044,0.25,1.25,114.4
15/05/2020,0.523155,0.537554,0.489558,0.513556,0.482169,8153377,0.25,1.25,114.4
18/05/2020,0.523155,0.551953,0.518356,0.542354,0.509207,1987144,0.25,1.25,114.4
19/05/2020,0.542354,0.542354,0.542354,0.542354,0.509207,0,0.25,1.25,114.4
20/05/2020,0.542354,0.542354,0.542354,0.542354,0.509207,0,0.25,1.25,114.4
21/05/2020,0.571034,0.577925,0.531652,0.551343,0.517647,6698717,0.25,1.25,114.4
22/05/2020,0.556266,0.556266,0.531652,0.531652,0.499159,16700970,0.25,1.25,114.4
25/05/2020,0.531652,0.541497,0.526729,0.526729,0.494537,4659576,0.25,1.25,114.4
26/05/2020,0.531652,0.531652,0.511961,0.516884,0.485294,3573377,0.25,1.25,114.4
27/05/2020,0.521807,0.536575,0.509008,0.516884,0.485294,2927972,0.25,1.25,114.4
28/05/2020,0.516884,0.541497,0.516884,0.536575,0.503781,4104315,0.25,1.25,114.4
29/05/2020,0.526729,0.541497,0.511961,0.531652,0.499159,6387085,0.25,1.25,114.4
1/06/2020,0.516884,0.531652,0.511961,0.531652,0.499159,2106105,0.25,1.25,114.4
2/06/2020,0.531652,0.551343,0.523776,0.536575,0.503781,9184121,0.25,1.25,114.4
3/06/2020,0.541497,0.551343,0.536575,0.54642,0.513025,4522708,0.25,1.25,114.4
4/06/2020,0.531652,0.54642,0.516884,0.526729,0.494537,12978355,0.25,1.25,114.4
5/06/2020,0.521807,0.551343,0.516884,0.551343,0.517647,10074001,0.25,1.25,114.4
9/06/2020,0.561188,0.607954,0.561188,0.590725,0.554622,6759431,0.25,1.25,114.4
10/06/2020,0.566111,0.590725,0.551343,0.556266,0.522269,5227116,0.25,1.25,114.4
11/06/2020,0.561188,0.590725,0.54642,0.54642,0.513025,4830753,0.25,1.25,114.4
12/06/2020,0.521807,0.541497,0.516884,0.541497,0.508403,79502098,0.25,1.25,114.4
15/06/2020,0.531652,0.54642,0.502116,0.516884,0.485294,7229673,0.25,1.25,114.4
16/06/2020,0.526729,0.548389,0.526729,0.541497,0.508403,3427561,0.25,1.25,114.4
17/06/2020,0.54642,0.551343,0.526729,0.54642,0.513025,4844179,0.25,1.25,114.4
18/06/2020,0.541497,0.580879,0.541497,0.580879,0.545378,5107976,0.25,1.25,114.4
19/06/2020,0.580879,0.580879,0.561188,0.561188,0.52689,3562250,0.25,1.25,114.4
22/06/2020,0.561188,0.585802,0.556266,0.580879,0.545378,3466750,0.25,1.25,114.4
23/06/2020,0.585802,0.590725,0.566111,0.580879,0.545378,4096522,0.25,1.25,114.4
24/06/2020,0.590725,0.60057,0.571034,0.60057,0.563865,5888963,0.25,1.25,114.4
25/06/2020,0.590725,0.590725,0.561188,0.561188,0.52689,3084761,0.25,1.25,114.4
26/06/2020,0.566111,0.575956,0.556266,0.571034,0.536134,2480769,0.25,1.25,114.4
29/06/2020,0.551343,0.561188,0.54642,0.54642,0.513025,1462190,0.25,1.25,116.2
30/06/2020,0.556266,0.580879,0.551343,0.580879,0.545378,2439526,0.25,1.25,116.2
1/07/2020,0.571034,0.605493,0.561188,0.561188,0.52689,3033099,0.25,1.25,116.2
2/07/2020,0.566111,0.571034,0.556266,0.571034,0.536134,1792221,0.25,1.25,116.2
3/07/2020,0.571034,0.585802,0.561188,0.561188,0.52689,2795897,0.25,1.25,116.2
6/07/2020,0.571034,0.590725,0.566111,0.585802,0.55,7468556,0.25,1.25,116.2
7/07/2020,0.590725,0.610415,0.590725,0.590725,0.554622,10786647,0.25,1.25,116.2
8/07/2020,0.585802,0.620261,0.585802,0.605493,0.568487,4170529,0.25,1.25,116.2
9/07/2020,0.605493,0.610415,0.585802,0.585802,0.55,7253512,0.25,1.25,116.2
10/07/2020,0.585802,0.595647,0.575956,0.585802,0.55,3598336,0.25,1.25,116.2
13/07/2020,0.60057,0.602539,0.571034,0.580879,0.545378,2425145,0.25,1.25,116.2
14/07/2020,0.575956,0.60057,0.566111,0.575956,0.540756,5549252,0.25,1.25,116.2
15/07/2020,0.571034,0.605493,0.571034,0.60057,0.563865,9539351,0.25,1.25,116.2
16/07/2020,0.60057,0.622722,0.595647,0.620261,0.582353,3516444,0.25,1.25,116.2
17/07/2020,0.620261,0.630106,0.605493,0.615338,0.577731,4116478,0.25,1.25,116.2
20/07/2020,0.615338,0.620261,0.587771,0.60057,0.563865,3928336,0.25,1.25,116.2
21/07/2020,0.605493,0.615338,0.590725,0.595647,0.559243,2993473,0.25,1.25,116.2
22/07/2020,0.595647,0.610415,0.566111,0.571034,0.536134,6075087,0.25,1.25,116.2
23/07/2020,0.580879,0.585802,0.556266,0.580879,0.545378,2927727,0.25,1.25,116.2
24/07/2020,0.585802,0.605493,0.575956,0.60057,0.563865,3177004,0.25,1.25,116.2
27/07/2020,0.60057,0.625183,0.60057,0.615338,0.577731,4682674,0.25,1.25,116.2
28/07/2020,0.620261,0.630106,0.571034,0.575956,0.540756,13092506,0.25,1.25,116.2
29/07/2020,0.575956,0.585802,0.553312,0.580879,0.545378,4284803,0.25,1.25,116.2
30/07/2020,0.566111,0.585802,0.541497,0.580879,0.545378,9430616,0.25,1.25,116.2
31/07/2020,0.585802,0.590725,0.556266,0.571034,0.536134,5360014,0.25,1.25,116.2
3/08/2020,0.575956,0.590725,0.566111,0.580879,0.545378,3431237,0.25,1.25,116.2
4/08/2020,0.585802,0.60057,0.575956,0.580879,0.545378,3906186,0.25,1.25,116.2
5/08/2020,0.585802,0.595647,0.577925,0.580879,0.545378,3784062,0.25,1.25,116.2
6/08/2020,0.595647,0.610415,0.595647,0.610415,0.573109,2724929,0.25,1.25,116.2
7/08/2020,0.615338,0.625183,0.605493,0.620261,0.582353,3898086,0.25,1.25,116.2
10/08/2020,0.615338,0.625183,0.612384,0.620261,0.582353,2429836,0.25,1.25,116.2
11/08/2020,0.615338,0.620261,0.615338,0.615338,0.577731,952940,0.25,1.25,116.2
12/08/2020,0.615338,0.620261,0.595647,0.610415,0.573109,18679922,0.25,1.25,116.2
13/08/2020,0.60057,0.625183,0.60057,0.620261,0.582353,2372709,0.25,1.25,116.2
14/08/2020,0.60057,0.620261,0.60057,0.620261,0.582353,1399029,0.25,1.25,116.2
17/08/2020,0.625183,0.625183,0.610415,0.625183,0.586974,2092662,0.25,1.25,116.2
18/08/2020,0.625183,0.635029,0.620261,0.630106,0.591596,8711303,0.25,1.25,116.2
19/08/2020,0.630106,0.635029,0.620261,0.620261,0.582353,1713294,0.25,1.25,116.2
20/08/2020,0.625183,0.625183,0.607462,0.625183,0.586974,1861898,0.25,1.25,116.2
21/08/2020,0.630106,0.635029,0.615338,0.625183,0.586974,1484374,0.25,1.25,116.2
24/08/2020,0.630106,0.65472,0.630106,0.649797,0.610084,8148875,0.25,1.25,116.2
25/08/2020,0.65472,0.65472,0.625183,0.639952,0.60084,2907432,0.25,1.25,116.2
26/08/2020,0.625183,0.639952,0.620261,0.625183,0.586974,2567093,0.25,1.25,116.2
27/08/2020,0.639952,0.649797,0.630106,0.635029,0.596218,4834651,0.25,1.25,116.2
28/08/2020,0.649797,0.674411,0.639952,0.669488,0.628571,8482569,0.25,1.25,116.2
31/08/2020,0.669488,0.689179,0.649797,0.669488,0.628571,10254348,0.25,1.25,116.2
1/09/2020,0.674411,0.699024,0.659642,0.699024,0.656302,13195980,0.25,1.25,116.2
2/09/2020,0.703947,0.718715,0.689179,0.718715,0.67479,7352867,0.25,1.25,116.2
3/09/2020,0.718715,0.758097,0.70887,0.758097,0.711765,10960413,0.25,1.25,116.2
4/09/2020,0.723638,0.72856,0.699024,0.713792,0.670168,6552663,0.25,1.25,116.2
7/09/2020,0.70887,0.713792,0.689179,0.689179,0.656108,4030180,0.25,1.25,116.2
8/09/2020,0.694101,0.723638,0.684256,0.689179,0.656108,4771674,0.25,1.25,116.2
9/09/2020,0.689179,0.689179,0.664565,0.669488,0.637362,6344162,0.25,1.25,116.2
10/09/2020,0.674411,0.686225,0.669488,0.674411,0.642049,4234050,0.25,1.25,116.2
11/09/2020,0.669488,0.671949,0.649797,0.664565,0.632675,2728418,0.25,1.25,116.2
14/09/2020,0.664565,0.694101,0.664565,0.684256,0.651421,3262607,0.25,1.25,116.2
15/09/2020,0.703947,0.713792,0.684256,0.694101,0.660794,3719898,0.25,1.25,116.2
16/09/2020,0.699024,0.723638,0.694101,0.703947,0.670168,9518990,0.25,1.25,116.2
17/09/2020,0.699024,0.703947,0.686225,0.694101,0.660794,4118387,0.25,1.25,116.2
18/09/2020,0.70887,0.718715,0.694101,0.699024,0.665481,32550864,0.25,1.25,116.2
21/09/2020,0.70887,0.713792,0.684256,0.689179,0.656108,2134847,0.25,1.25,116.2
22/09/2020,0.679333,0.681795,0.646843,0.669488,0.637362,9699438,0.25,1.25,116.2
23/09/2020,0.679333,0.699024,0.664565,0.669488,0.637362,8178465,0.25,1.25,116.2
24/09/2020,0.659642,0.669488,0.649797,0.669488,0.637362,2904648,0.25,1.25,116.2
25/09/2020,0.679333,0.679333,0.659642,0.669488,0.637362,1932029,0.25,1.25,116.2
28/09/2020,0.679333,0.689179,0.65472,0.689179,0.656108,2732414,0.25,1.25,116.2
29/09/2020,0.674411,0.699024,0.674411,0.689179,0.656108,1216106,0.25,1.25,117.2
30/09/2020,0.684256,0.694101,0.664565,0.664565,0.632675,3752632,0.25,1.25,117.2
1/10/2020,0.684256,0.684256,0.669488,0.679333,0.646735,1485900,0.25,1.25,117.2
2/10/2020,0.679333,0.679333,0.635029,0.644874,0.613929,3095318,0.25,1.25,117.2
5/10/2020,0.644874,0.674411,0.644874,0.674411,0.642049,2365522,0.25,1.25,117.2
6/10/2020,0.669488,0.703947,0.664565,0.703947,0.670168,7427150,0.25,1.25,117.2
7/10/2020,0.703947,0.748251,0.694101,0.738406,0.702973,10078596,0.25,1.25,117.2
8/10/2020,0.738406,0.767942,0.733483,0.758097,0.721719,3988619,0.25,1.25,117.2
9/10/2020,0.758097,0.760066,0.72856,0.733483,0.698286,8430005,0.25,1.25,117.2
12/10/2020,0.748251,0.767942,0.743328,0.767942,0.731092,3771446,0.25,1.25,117.2
13/10/2020,0.758097,0.767942,0.743328,0.758097,0.721719,2016570,0.25,1.25,117.2
14/10/2020,0.767942,0.772865,0.743328,0.772865,0.735779,4418925,0.25,1.25,117.2
15/10/2020,0.772865,0.78271,0.753174,0.758097,0.721719,2786535,0.25,1.25,117.2
16/10/2020,0.78271,0.876242,0.78271,0.876242,0.834195,12823090,0.25,1.25,117.2
19/10/2020,0.886087,0.915623,0.856551,0.905778,0.862314,10272315,0.25,1.25,117.2
20/10/2020,0.930391,0.955005,0.895932,0.940237,0.895119,9362318,0.25,1.25,117.2
21/10/2020,0.96485,0.999309,0.959928,0.979619,0.932611,10488285,0.25,1.25,117.2
22/10/2020,0.96485,0.994387,0.955005,0.974696,0.927925,4902912,0.25,1.25,117.2
23/10/2020,0.974696,0.984541,0.959928,0.959928,0.913865,3343484,0.25,1.25,117.2
26/10/2020,0.959928,1.019,0.959928,0.984541,0.937297,4673363,0.25,1.25,117.2
27/10/2020,0.959928,0.959928,0.900855,0.915623,0.871686,5526729,0.25,1.25,117.2
28/10/2020,0.935314,0.96485,0.920546,0.950082,0.904492,3319727,0.25,1.25,117.2
29/10/2020,0.895932,0.94516,0.895932,0.930391,0.885746,5790264,0.25,1.25,117.2
30/10/2020,0.925469,0.935314,0.861473,0.881164,0.838881,9374222,0.25,1.25,117.2
2/11/2020,0.871319,0.895932,0.831937,0.841783,0.801389,5919375,0.25,1.25,117.2
3/11/2020,0.83686,0.871319,0.827015,0.827015,0.78733,14898741,0.25,1.25,117.2
4/11/2020,0.851628,0.861473,0.827015,0.83686,0.796703,4696200,0.25,1.25,117.2
5/11/2020,0.83686,0.851628,0.822092,0.83686,0.796703,7424458,0.1,1.25,117.2
6/11/2020,0.83686,0.853597,0.827015,0.83686,0.796703,8045126,0.1,1.25,117.2
9/11/2020,0.841783,0.89101,0.841783,0.876242,0.834195,9436688,0.1,1.25,117.2
10/11/2020,0.881164,0.886087,0.83686,0.861473,0.820135,8937031,0.1,1.25,117.2
11/11/2020,0.886087,0.900855,0.881164,0.881164,0.838881,4694096,0.1,1.25,117.2
12/11/2020,0.89101,0.89101,0.861473,0.89101,0.848254,3415532,0.1,1.25,117.2
13/11/2020,0.881164,0.915623,0.866396,0.905778,0.862314,7593398,0.1,1.25,117.2
16/11/2020,0.915623,0.930391,0.915623,0.915623,0.871686,377880,0.1,1.25,117.2
17/11/2020,0.915623,0.955005,0.905778,0.955005,0.909178,8140869,0.1,1.25,117.2
18/11/2020,0.959928,0.959928,0.920546,0.940237,0.895119,4319737,0.1,1.25,117.2
19/11/2020,0.935314,0.935314,0.895932,0.915623,0.871686,9753646,0.1,1.25,117.2
20/11/2020,0.925469,1.014077,0.920546,0.989464,0.941984,9044272,0.1,1.25,117.2
23/11/2020,1.004232,1.063305,0.979619,1.028846,0.979476,8491093,0.1,1.25,117.2
24/11/2020,1.038691,1.085457,1.028846,1.043614,0.993535,18623855,0.1,1.25,117.2
25/11/2020,1.063305,1.078073,1.023923,1.068227,1.016967,6375463,0.1,1.25,117.2
26/11/2020,1.07315,1.07315,1.023923,1.043614,0.993535,9460605,0.1,1.25,117.2
27/11/2020,1.068227,1.07315,1.038691,1.063305,1.012282,4850999,0.1,1.25,117.2
30/11/2020,1.068227,1.082995,1.043614,1.063305,1.012282,34770271,0.1,1.25,117.2
1/12/2020,1.053459,1.058382,0.989464,1.028846,0.979476,8225764,0.1,1.25,117.2
2/12/2020,1.028846,1.028846,1.028846,1.028846,0.979476,0,0.1,1.25,117.2
3/12/2020,1.028846,1.028846,1.028846,1.028846,0.979476,0,0.1,1.25,117.2
4/12/2020,1,1.005,0.965,0.99,0.942494,12927624,0.1,1.25,117.2
7/12/2020,0.99,1.06,0.985,1.02,0.971055,10333885,0.1,1.25,117.2
8/12/2020,1.02,1.03,0.995,1.02,0.971055,6070300,0.1,1.25,117.2
9/12/2020,1.01,1.04,1.005,1.03,0.980575,5610331,0.1,1.25,117.2
10/12/2020,1.025,1.0425,1.015,1.04,0.990095,6122300,0.1,1.25,117.2
11/12/2020,1.05,1.08,1.045,1.08,1.028176,7282646,0.1,1.25,117.2
14/12/2020,1.085,1.1325,1.085,1.125,1.071016,15597142,0.1,1.25,117.2
15/12/2020,1.125,1.1375,1.11,1.115,1.061496,7621129,0.1,1.25,117.2
16/12/2020,1.125,1.165,1.105,1.105,1.051976,8340427,0.1,1.25,117.2
17/12/2020,1.11,1.125,1.075,1.1,1.047216,4402143,0.1,1.25,117.2
18/12/2020,1.12,1.15,1.085,1.15,1.094816,10196378,0.1,1.25,117.2
21/12/2020,1.145,1.175,1.12,1.16,1.104337,8387520,0.1,1.25,117.2
22/12/2020,1.15,1.16,1.1,1.1,1.047216,9417831,0.1,1.25,117.2
23/12/2020,1.095,1.115,1.065,1.08,1.028176,4438823,0.1,1.25,117.2
24/12/2020,1.08,1.105,1.08,1.085,1.032936,2588469,0.1,1.25,117.2
29/12/2020,1.1,1.155,1.095,1.145,1.090056,7704943,0.1,1.25,117.2
30/12/2020,1.12,1.18,1.12,1.15,1.094816,7516047,0.1,1.25,117.9
31/12/2020,1.15,1.15,1.085,1.105,1.051976,6022692,0.1,1.25,117.9
4/01/2021,1.105,1.13,1.08,1.095,1.042456,8904402,0.1,1.25,117.9
5/01/2021,1.115,1.16,1.11,1.15,1.094816,6511378,0.1,1.25,117.9
6/01/2021,1.175,1.195,1.17,1.185,1.128137,4816913,0.1,1.25,117.9
7/01/2021,1.2,1.285,1.2,1.26,1.199538,10774725,0.1,1.25,117.9
8/01/2021,1.285,1.3,1.2625,1.275,1.213818,7680656,0.1,1.25,117.9
11/01/2021,1.29,1.295,1.245,1.245,1.185258,6653070,0.1,1.25,117.9
12/01/2021,1.23,1.235,1.2,1.225,1.166217,5148294,0.1,1.25,117.9
13/01/2021,1.245,1.25,1.2,1.215,1.156697,5247075,0.1,1.25,117.9
14/01/2021,1.22,1.265,1.205,1.25,1.190018,4551347,0.1,1.25,117.9
15/01/2021,1.255,1.27,1.23,1.26,1.199538,3296720,0.1,1.25,117.9
18/01/2021,1.25,1.25,1.22,1.23,1.170978,6159843,0.1,1.25,117.9
19/01/2021,1.245,1.255,1.21,1.225,1.166217,5716143,0.1,1.25,117.9
20/01/2021,1.23,1.28,1.225,1.275,1.213818,8895059,0.1,1.25,117.9
21/01/2021,1.295,1.34,1.285,1.31,1.247139,7458732,0.1,1.25,117.9
22/01/2021,1.32,1.33,1.295,1.295,1.232859,3457786,0.1,1.25,117.9
25/01/2021,1.3,1.42,1.3,1.4,1.33282,11660174,0.1,1.25,117.9
27/01/2021,1.4,1.4,1.31,1.325,1.261419,11068998,0.1,1.25,117.9
28/01/2021,1.275,1.275,1.22,1.235,1.175738,9767231,0.1,1.25,117.9
29/01/2021,1.27,1.285,1.25,1.26,1.199538,75017061,0.1,1.25,117.9
1/02/2021,1.235,1.295,1.21,1.28,1.218578,6499154,0.1,1.25,117.9
2/02/2021,1.31,1.34,1.3,1.31,1.247139,6282368,0.1,1.25,117.9
3/02/2021,1.32,1.325,1.28,1.305,1.26164,5418141,0.1,1.25,117.9
4/02/2021,1.305,1.32,1.255,1.255,1.213302,5131646,0.1,1.25,117.9
5/02/2021,1.26,1.29,1.235,1.245,1.203634,4510271,0.1,1.25,117.9
8/02/2021,1.24,1.25,1.2075,1.22,1.179465,8351467,0.1,1.25,117.9
9/02/2021,1.23,1.245,1.185,1.2,1.160129,8042385,0.1,1.25,117.9
10/02/2021,1.2,1.215,1.165,1.18,1.140793,9080951,0.1,1.25,117.9
11/02/2021,1.2,1.24,1.19,1.19,1.150461,7377322,0.1,1.25,117.9
12/02/2021,1.2,1.21,1.18,1.195,1.155295,2536814,0.1,1.25,117.9
15/02/2021,1.2,1.26,1.2,1.255,1.213302,5279534,0.1,1.25,117.9
16/02/2021,1.28,1.3175,1.275,1.305,1.26164,7581569,0.1,1.25,117.9
17/02/2021,1.33,1.35,1.295,1.32,1.276142,9613727,0.1,1.25,117.9
18/02/2021,1.31,1.345,1.3,1.305,1.26164,6638022,0.1,1.25,117.9
19/02/2021,1.305,1.325,1.285,1.3,1.256806,4829662,0.1,1.25,117.9
22/02/2021,1.34,1.405,1.34,1.38,1.334148,7595589,0.1,1.25,117.9
23/02/2021,1.4,1.4925,1.4,1.465,1.416324,18528115,0.1,1.25,117.9
24/02/2021,1.47,1.495,1.455,1.485,1.43566,8866260,0.1,1.25,117.9
25/02/2021,1.505,1.53,1.45,1.485,1.43566,7774489,0.1,1.25,117.9
26/02/2021,1.415,1.425,1.3525,1.4,1.353484,11707563,0.1,1.25,117.9
1/03/2021,1.38,1.41,1.355,1.375,1.329314,17278729,0.1,1.25,117.9
2/03/2021,1.395,1.47,1.385,1.42,1.372819,13129387,0.1,1.25,117.9
3/03/2021,1.425,1.455,1.415,1.455,1.406657,6329151,0.1,1.25,117.9
4/03/2021,1.35,1.3625,1.2825,1.305,1.26164,15264052,0.1,1.25,117.9
5/03/2021,1.22,1.31,1.175,1.25,1.208468,21446748,0.1,1.25,117.9
8/03/2021,1.33,1.34,1.28,1.3,1.256806,13093073,0.1,1.25,117.9
9/03/2021,1.31,1.345,1.285,1.345,1.300311,5869208,0.1,1.25,117.9
10/03/2021,1.34,1.35,1.315,1.345,1.300311,7937999,0.1,1.25,117.9
11/03/2021,1.395,1.4,1.35,1.375,1.329314,5221971,0.1,1.25,117.9
12/03/2021,1.395,1.43,1.38,1.42,1.372819,6208311,0.1,1.25,117.9
15/03/2021,1.475,1.4875,1.45,1.48,1.430826,10568621,0.1,1.25,117.9
16/03/2021,1.485,1.535,1.45,1.46,1.41149,17327146,0.1,1.25,117.9
17/03/2021,1.465,1.475,1.41,1.42,1.372819,8998874,0.1,1.25,117.9
18/03/2021,1.425,1.46,1.42,1.45,1.401823,5920481,0.1,1.25,117.9
19/03/2021,1.425,1.4675,1.38,1.39,1.343816,55345397,0.1,1.25,117.9
22/03/2021,1.385,1.385,1.3025,1.355,1.309979,8625784,0.1,1.25,117.9
23/03/2021,1.365,1.375,1.33,1.34,1.295477,6424194,0.1,1.25,117.9
24/03/2021,1.34,1.365,1.315,1.345,1.300311,7469983,0.1,1.25,117.9
25/03/2021,1.33,1.35,1.2875,1.32,1.276142,10562218,0.1,1.25,117.9
26/03/2021,1.33,1.35,1.315,1.34,1.295477,6735721,0.1,1.25,117.9
29/03/2021,1.34,1.365,1.315,1.33,1.28581,5843707,0.1,1.25,117.9
30/03/2021,1.34,1.34,1.255,1.26,1.218135,6709239,0.1,1.25,118.8
31/03/2021,1.255,1.285,1.215,1.225,1.184298,12178093,0.1,1.25,118.8
1/04/2021,1.22,1.265,1.215,1.265,1.222969,9887727,0.1,1.25,118.8
6/04/2021,1.285,1.335,1.285,1.31,1.266474,8415824,0.1,1.25,118.8
7/04/2021,1.35,1.36,1.31,1.33,1.28581,8547536,0.1,1.25,118.8
8/04/2021,1.35,1.385,1.335,1.38,1.334148,9205509,0.1,1.25,118.8
9/04/2021,1.375,1.39,1.35,1.36,1.314813,4553251,0.1,1.25,118.8
12/04/2021,1.35,1.38,1.24,1.255,1.213302,9177748,0.1,1.25,118.8
13/04/2021,1.245,1.2675,1.23,1.235,1.193966,13519356,0.1,1.25,118.8
14/04/2021,1.245,1.27,1.22,1.245,1.203634,7461841,0.1,1.25,118.8
15/04/2021,1.275,1.315,1.27,1.305,1.26164,7623307,0.1,1.25,118.8
16/04/2021,1.32,1.35,1.3,1.32,1.276142,10600793,0.1,1.25,118.8
19/04/2021,1.315,1.33,1.275,1.275,1.232637,6776500,0.1,1.25,118.8
20/04/2021,1.275,1.275,1.25,1.27,1.227803,6900829,0.1,1.25,118.8
21/04/2021,1.25,1.25,1.215,1.25,1.208468,6802696,0.1,1.25,118.8
22/04/2021,1.26,1.275,1.235,1.255,1.213302,3562773,0.1,1.25,118.8
23/04/2021,1.245,1.28,1.24,1.27,1.227803,5018897,0.1,1.25,118.8
26/04/2021,1.29,1.3,1.265,1.285,1.242305,3444751,0.1,1.25,118.8
27/04/2021,1.28,1.305,1.075,1.13,1.092455,29501174,0.1,1.25,118.8
28/04/2021,1.12,1.12,1.0625,1.075,1.039282,23591775,0.1,1.25,118.8
29/04/2021,1.1,1.165,1.1,1.16,1.121458,8844032,0.1,1.25,118.8
30/04/2021,1.16,1.165,1.125,1.14,1.102123,7228416,0.1,1.25,118.8
3/05/2021,1.13,1.16,1.11,1.115,1.077953,8752020,0.1,1.25,118.8
4/05/2021,1.12,1.145,1.115,1.145,1.106956,8010983,0.1,1.25,118.8
5/05/2021,1.115,1.18,1.105,1.17,1.131126,7208100,0.1,1.25,118.8
6/05/2021,1.175,1.19,1.1,1.11,1.073119,11116949,0.1,1.25,118.8
7/05/2021,1.12,1.13,1.095,1.105,1.068285,8093610,0.1,1.25,118.8
10/05/2021,1.11,1.135,1.105,1.12,1.082787,6683284,0.1,1.25,118.8
11/05/2021,1.12,1.125,1.0675,1.075,1.039282,6688992,0.1,1.25,118.8
12/05/2021,1.105,1.135,1.08,1.085,1.04895,13341627,0.1,1.25,118.8
13/05/2021,1.075,1.08,1.04,1.05,1.015113,13817612,0.1,1.25,118.8
14/05/2021,1.045,1.06,1,1.005,0.971608,13671796,0.1,1.25,118.8
17/05/2021,1.055,1.055,1,1.01,0.976442,7313256,0.1,1.25,118.8
18/05/2021,1.02,1.045,1,1.02,0.98611,7304762,0.1,1.25,118.8
19/05/2021,1.01,1.02,0.98,0.98,0.947439,6215925,0.1,1.25,118.8
20/05/2021,0.97,1.015,0.96,1.005,0.971608,7939063,0.1,1.25,118.8
21/05/2021,1.005,1.005,0.955,0.955,0.923269,7910134,0.1,1.25,118.8
24/05/2021,0.955,0.99,0.955,0.98,0.947439,9537445,0.1,1.25,118.8
25/05/2021,0.99,1.015,0.9775,1.01,0.976442,5606326,0.1,1.25,118.8
26/05/2021,1.03,1.065,0.995,1.02,0.98611,11569583,0.1,1.25,118.8
27/05/2021,1.04,1.055,1.01,1.02,0.98611,8532453,0.1,1.25,118.8
28/05/2021,1.045,1.055,1.015,1.02,0.98611,7885388,0.1,1.25,118.8
31/05/2021,1.035,1.035,1,1.03,0.995777,6921410,0.1,1.25,118.8
1/06/2021,1.03,1.04,1.0075,1.02,0.98611,4836306,0.1,1.25,118.8
2/06/2021,1.04,1.085,1.03,1.07,1.034448,8071484,0.1,1.25,118.8
3/06/2021,1.1,1.105,1.045,1.08,1.044116,8269678,0.1,1.25,118.8
4/06/2021,1.07,1.08,1.05,1.07,1.034448,3590208,0.1,1.25,118.8
7/06/2021,1.095,1.095,1.035,1.04,1.005445,5708899,0.1,1.25,118.8
8/06/2021,1.05,1.06,1.03,1.055,1.019947,3785188,0.1,1.25,118.8
9/06/2021,1.06,1.085,1.05,1.075,1.039282,5683939,0.1,1.25,118.8
10/06/2021,1.09,1.1,1.05,1.055,1.019947,7099880,0.1,1.25,118.8
11/06/2021,1.07,1.095,1.065,1.085,1.04895,4479579,0.1,1.25,118.8
15/06/2021,1.09,1.09,1.03,1.04,1.005445,6389547,0.1,1.25,118.8
16/06/2021,1.03,1.035,0.98,0.99,0.957106,7406419,0.1,1.25,118.8
17/06/2021,0.99,1.005,0.965,1,0.966774,7163324,0.1,1.25,118.8
18/06/2021,1.01,1.0225,0.98,1.02,0.98611,10446623,0.1,1.25,118.8
21/06/2021,1.01,1.015,0.97,0.97,0.937771,6924316,0.1,1.25,118.8
22/06/2021,0.985,1,0.96,0.97,0.937771,9828669,0.1,1.25,118.8
23/06/2021,0.98,0.99,0.965,0.975,0.942605,6533651,0.1,1.25,118.8
24/06/2021,0.985,1.02,0.98,0.985,0.952273,10289251,0.1,1.25,118.8
25/06/2021,1,1.01,0.985,0.995,0.96194,4921910,0.1,1.25,118.8
28/06/2021,0.995,1.0025,0.97,0.99,0.957106,6350741,0.1,1.25,118.8
29/06/2021,0.985,1.0175,0.975,1,0.966774,5063405,0.1,1.25,119.7
30/06/2021,1,1.005,0.985,0.99,0.957106,5263763,0.1,1.25,119.7
1/07/2021,0.99,1,0.97,1,0.966774,7063659,0.1,1.25,119.7
2/07/2021,1.005,1.07,1.005,1.05,1.015113,9142230,0.1,1.25,119.7
5/07/2021,1.055,1.09,1.04,1.055,1.019947,6429051,0.1,1.25,119.7
6/07/2021,1.055,1.09,1.04,1.04,1.005445,6707697,0.1,1.25,119.7
7/07/2021,1.03,1.05,1.02,1.04,1.005445,4345827,0.1,1.25,119.7
8/07/2021,1.06,1.0975,1.055,1.07,1.034448,5862787,0.1,1.25,119.7
9/07/2021,1.06,1.06,1.035,1.055,1.019947,4244518,0.1,1.25,119.7
12/07/2021,1.08,1.095,1.065,1.095,1.058618,11911185,0.1,1.25,119.7
13/07/2021,1.1,1.11,1.075,1.095,1.058618,6464831,0.1,1.25,119.7
14/07/2021,1.1,1.11,1.085,1.1,1.063452,4692588,0.1,1.25,119.7
15/07/2021,1.095,1.1,1.075,1.095,1.058618,4445544,0.1,1.25,119.7
16/07/2021,1.095,1.115,1.07,1.11,1.073119,7023747,0.1,1.25,119.7
19/07/2021,1.1,1.105,1.05,1.05,1.015113,4548111,0.1,1.25,119.7
20/07/2021,1.025,1.03,0.98,0.985,0.952273,11362928,0.1,1.25,119.7
21/07/2021,1.005,1.0275,0.995,1.015,0.981276,5592587,0.1,1.25,119.7
22/07/2021,1.03,1.08,1.015,1.075,1.039282,7109021,0.1,1.25,119.7
23/07/2021,1.075,1.16,1.075,1.145,1.106956,11296216,0.1,1.25,119.7
26/07/2021,1.17,1.215,1.165,1.175,1.13596,9641105,0.1,1.25,119.7
27/07/2021,1.2,1.215,1.17,1.175,1.13596,11955482,0.1,1.25,119.7
28/07/2021,1.16,1.16,1.045,1.045,1.010279,20495960,0.1,1.25,119.7
29/07/2021,1.07,1.11,1.06,1.105,1.068285,14021167,0.1,1.25,119.7
30/07/2021,1.12,1.145,1.095,1.1,1.063452,14390789,0.1,1.25,119.7
2/08/2021,1.1,1.125,1.085,1.1,1.063452,8908057,0.1,1.25,119.7
3/08/2021,1.095,1.11,1.085,1.105,1.068285,9324371,0.1,1.25,119.7
4/08/2021,1.115,1.15,1.115,1.135,1.097289,9960871,0.1,1.25,119.7
5/08/2021,1.14,1.15,1.095,1.095,1.058618,6174324,0.1,1.25,119.7
6/08/2021,1.105,1.115,1.09,1.095,1.058618,5385797,0.1,1.25,119.7
9/08/2021,1.11,1.11,1.065,1.075,1.039282,5092542,0.1,1.25,119.7
10/08/2021,1.065,1.08,1.055,1.07,1.034448,5990858,0.1,1.25,119.7
11/08/2021,1.075,1.085,1.06,1.065,1.029615,7618137,0.1,1.25,119.7
12/08/2021,1.075,1.1125,1.065,1.095,1.058618,6950905,0.1,1.25,119.7
13/08/2021,1.11,1.135,1.09,1.105,1.068285,6788038,0.1,1.25,119.7
16/08/2021,1.11,1.11,1.05,1.05,1.015113,8472128,0.1,1.25,119.7
17/08/2021,1.06,1.08,1.03,1.03,0.995777,6528915,0.1,1.25,119.7
18/08/2021,1.04,1.055,1.0275,1.03,0.995777,6996952,0.1,1.25,119.7
19/08/2021,1.02,1.03,1.005,1.01,0.976442,9391482,0.1,1.25,119.7
20/08/2021,1.005,1.01,0.945,0.965,0.932937,17274453,0.1,1.25,119.7
23/08/2021,0.975,1.01,0.97,1,0.966774,5273721,0.1,1.25,119.7
24/08/2021,1.02,1.05,1.01,1.025,0.990944,5951125,0.1,1.25,119.7
25/08/2021,1.045,1.065,1.025,1.06,1.024781,5178807,0.1,1.25,119.7
26/08/2021,1.085,1.09,1.025,1.025,0.990944,7173657,0.1,1.25,119.7
27/08/2021,1.03,1.05,0.99,1,0.966774,12189038,0.1,1.25,119.7
30/08/2021,1.03,1.04,1.015,1.03,0.995777,7555275,0.1,1.25,119.7
31/08/2021,1.025,1.04,1.015,1.015,0.981276,6147409,0.1,1.25,119.7
1/09/2021,0.995,1.01,0.985,1.005,0.991138,6444165,0.1,1.25,119.7
2/09/2021,1.01,1.04,0.99,1.01,0.996069,7849433,0.1,1.25,119.7
3/09/2021,1.025,1.0525,1.015,1.015,1.001,6779577,0.1,1.25,119.7
6/09/2021,1.04,1.065,1.02,1.03,1.015793,10866164,0.1,1.25,119.7
7/09/2021,1.035,1.035,1.01,1.03,1.015793,5110754,0.1,1.25,119.7
8/09/2021,1.02,1.02,0.985,0.995,0.981276,11017617,0.1,1.25,119.7
9/09/2021,1.005,1.005,0.99,0.995,0.981276,10289983,0.1,1.25,119.7
10/09/2021,1.015,1.085,1.01,1.08,1.065104,17256631,0.1,1.25,119.7
13/09/2021,1.085,1.095,1.0525,1.075,1.060172,8742587,0.1,1.25,119.7
14/09/2021,1.075,1.095,1.05,1.095,1.079897,11196447,0.1,1.25,119.7
15/09/2021,1.085,1.105,1.075,1.1,1.084828,10000521,0.1,1.25,119.7
16/09/2021,1.15,1.155,1.105,1.11,1.09469,12979902,0.1,1.25,119.7
17/09/2021,1.105,1.1075,1.07,1.09,1.074966,30198281,0.1,1.25,119.7
20/09/2021,1.04,1.05,0.98,0.995,0.981276,26339520,0.1,1.25,119.7
21/09/2021,0.985,0.985,0.95,0.95,0.936897,15959621,0.1,1.25,119.7
22/09/2021,0.95,1.01,0.93,0.98,0.966483,13017725,0.1,1.25,119.7
23/09/2021,1.005,1.005,0.98,0.99,0.976345,5286398,0.1,1.25,119.7
24/09/2021,0.975,0.98,0.95,0.95,0.936897,12376950,0.1,1.25,119.7
27/09/2021,0.96,0.9875,0.955,0.98,0.966483,9561055,0.1,1.25,119.7
28/09/2021,0.965,0.97,0.9425,0.945,0.931966,7605910,0.1,1.25,119.7
29/09/2021,0.93,0.935,0.9,0.91,0.897448,15311861,0.1,1.25,121.3
30/09/2021,0.915,0.96,0.91,0.94,0.927034,10818440,0.1,1.25,121.3
1/10/2021,0.935,0.945,0.905,0.91,0.897448,10490775,0.1,1.25,121.3
4/10/2021,0.93,0.945,0.91,0.92,0.90731,5574563,0.1,1.25,121.3
5/10/2021,0.91,0.92,0.89,0.915,0.902379,7873773,0.1,1.25,121.3
6/10/2021,0.905,0.925,0.885,0.89,0.877724,13229121,0.1,1.25,121.3
7/10/2021,0.895,0.91,0.89,0.905,0.892517,8072662,0.1,1.25,121.3
8/10/2021,0.92,0.945,0.915,0.94,0.927034,8814876,0.1,1.25,121.3
11/10/2021,0.955,0.97,0.94,0.96,0.946759,8132356,0.1,1.25,121.3
12/10/2021,0.96,0.97,0.935,0.935,0.922103,7331675,0.1,1.25,121.3
13/10/2021,0.935,0.94,0.915,0.935,0.922103,7717544,0.1,1.25,121.3
14/10/2021,0.93,0.98,0.92,0.975,0.961552,10195577,0.1,1.25,121.3
15/10/2021,0.98,0.99,0.97,0.985,0.971414,9849873,0.1,1.25,121.3
18/10/2021,1,1.0425,1,1.035,1.020724,12912172,0.1,1.25,121.3
19/10/2021,1.04,1.05,1.025,1.05,1.035517,7620036,0.1,1.25,121.3
20/10/2021,1.065,1.0725,1.035,1.05,1.035517,14775766,0.1,1.25,121.3
21/10/2021,1.07,1.1025,1.06,1.095,1.079897,16947747,0.1,1.25,121.3
22/10/2021,1.055,1.08,1.045,1.055,1.040448,8931280,0.1,1.25,121.3
25/10/2021,1.07,1.08,1.06,1.06,1.045379,4923937,0.1,1.25,121.3
26/10/2021,1.065,1.085,1.065,1.065,1.05031,4063281,0.1,1.25,121.3
27/10/2021,1.06,1.095,1.05,1.09,1.074966,6959461,0.1,1.25,121.3
28/10/2021,1.06,1.06,1.02,1.025,1.010862,6443289,0.1,1.25,121.3
29/10/2021,1.035,1.07,1.03,1.045,1.030586,9124222,0.1,1.25,121.3
1/11/2021,1.055,1.085,1.035,1.05,1.035517,9882977,0.1,1.25,121.3
2/11/2021,1.05,1.055,1.035,1.035,1.020724,4934134,0.1,1.25,121.3
3/11/2021,1.05,1.055,1.02,1.035,1.020724,7245955,0.1,1.25,121.3
4/11/2021,1.035,1.035,1.005,1.02,1.005931,7753518,0.1,1.25,121.3
5/11/2021,1.015,1.025,1,1.015,1.001,4444552,0.1,1.25,121.3
8/11/2021,1.01,1.025,0.99,0.995,0.981276,8088660,0.1,1.25,121.3
9/11/2021,1,1.045,1,1.03,1.015793,5637345,0.1,1.25,121.3
10/11/2021,1.025,1.035,1.0125,1.015,1.001,5054141,0.1,1.25,121.3
11/11/2021,1.015,1.045,1.015,1.035,1.020724,3634604,0.1,1.25,121.3
12/11/2021,1.04,1.075,1.04,1.065,1.05031,5607422,0.1,1.25,121.3
15/11/2021,1.07,1.14,1.07,1.1,1.084828,13095549,0.1,1.25,121.3
16/11/2021,1.1,1.1,1.07,1.09,1.074966,6203880,0.1,1.25,121.3
17/11/2021,1.12,1.16,1.11,1.155,1.139069,8587719,0.1,1.25,121.3
18/11/2021,1.16,1.175,1.13,1.165,1.148931,6105633,0.1,1.25,121.3
19/11/2021,1.165,1.205,1.16,1.19,1.173586,5836462,0.1,1.25,121.3
22/11/2021,1.195,1.305,1.195,1.285,1.267276,19031169,0.1,1.25,121.3
23/11/2021,1.335,1.36,1.29,1.315,1.296862,11972744,0.1,1.25,121.3
24/11/2021,1.305,1.34,1.3,1.315,1.296862,11388652,0.1,1.25,121.3
25/11/2021,1.335,1.41,1.33,1.41,1.390552,15772631,0.1,1.25,121.3
26/11/2021,1.395,1.415,1.365,1.395,1.375759,9768036,0.1,1.25,121.3
29/11/2021,1.355,1.405,1.355,1.39,1.370828,12060481,0.1,1.25,121.3
30/11/2021,1.39,1.43,1.375,1.42,1.400414,11837008,0.1,1.25,121.3
1/12/2021,1.395,1.435,1.39,1.42,1.400414,7252351,0.1,1.25,121.3
2/12/2021,1.375,1.41,1.36,1.375,1.356035,13352990,0.1,1.25,121.3
3/12/2021,1.4,1.425,1.39,1.405,1.385621,8021798,0.1,1.25,121.3
6/12/2021,1.395,1.415,1.3825,1.395,1.375759,7379986,0.1,1.25,121.3
7/12/2021,1.395,1.4,1.32,1.335,1.316586,12237579,0.1,1.25,121.3
8/12/2021,1.37,1.39,1.34,1.355,1.33631,15705423,0.1,1.25,121.3
9/12/2021,1.375,1.39,1.345,1.355,1.33631,6398161,0.1,1.25,121.3
10/12/2021,1.36,1.37,1.345,1.355,1.33631,7810494,0.1,1.25,121.3
13/12/2021,1.36,1.37,1.345,1.355,1.33631,6557173,0.1,1.25,121.3
14/12/2021,1.36,1.385,1.36,1.365,1.346172,6706479,0.1,1.25,121.3
15/12/2021,1.355,1.37,1.345,1.35,1.331379,7818579,0.1,1.25,121.3
16/12/2021,1.34,1.36,1.325,1.335,1.316586,11515240,0.1,1.25,121.3
17/12/2021,1.345,1.3875,1.325,1.365,1.346172,12650642,0.1,1.25,121.3
20/12/2021,1.35,1.3575,1.32,1.33,1.311655,6561481,0.1,1.25,121.3
21/12/2021,1.325,1.345,1.295,1.345,1.326448,8972432,0.1,1.25,121.3
22/12/2021,1.36,1.405,1.355,1.375,1.356035,11547277,0.1,1.25,121.3
23/12/2021,1.405,1.44,1.385,1.44,1.420138,8769028,0.1,1.25,121.3
24/12/2021,1.45,1.45,1.425,1.44,1.420138,2747450,0.1,1.25,121.3
29/12/2021,1.455,1.47,1.44,1.45,1.43,7352181,0.1,1.25,121.3
30/12/2021,1.47,1.47,1.415,1.435,1.415207,8204054,0.1,1.25,123.4
31/12/2021,1.435,1.445,1.42,1.43,1.410276,6064811,0.1,1.25,123.4
4/01/2022,1.45,1.48,1.445,1.46,1.439862,11739887,0.1,1.25,123.4
5/01/2022,1.48,1.48,1.435,1.435,1.415207,7304771,0.1,1.25,123.4
6/01/2022,1.455,1.455,1.4025,1.415,1.395483,8084555,0.1,1.25,123.4
7/01/2022,1.44,1.46,1.395,1.42,1.400414,9642043,0.1,1.25,123.4
10/01/2022,1.43,1.4475,1.41,1.44,1.420138,6086363,0.1,1.25,123.4
11/01/2022,1.445,1.475,1.44,1.455,1.434931,8426409,0.1,1.25,123.4
12/01/2022,1.52,1.565,1.515,1.55,1.528621,14134251,0.1,1.25,123.4
13/01/2022,1.57,1.63,1.57,1.63,1.607517,21436319,0.1,1.25,123.4
14/01/2022,1.64,1.65,1.605,1.615,1.592724,11378852,0.1,1.25,123.4
17/01/2022,1.62,1.64,1.59,1.6,1.577931,5387197,0.1,1.25,123.4
18/01/2022,1.61,1.645,1.585,1.61,1.587793,7693976,0.1,1.25,123.4
19/01/2022,1.62,1.635,1.5775,1.58,1.558207,7744894,0.1,1.25,123.4
20/01/2022,1.59,1.615,1.575,1.59,1.568069,11606479,0.1,1.25,123.4
21/01/2022,1.555,1.565,1.49,1.51,1.489172,13208820,0.1,1.25,123.4
24/01/2022,1.47,1.51,1.445,1.495,1.474379,14957233,0.1,1.25,123.4
25/01/2022,1.46,1.5,1.4,1.43,1.410276,10394832,0.1,1.25,123.4
27/01/2022,1.505,1.54,1.4,1.45,1.43,14570669,0.1,1.25,123.4
28/01/2022,1.44,1.44,1.37,1.44,1.420138,21305958,0.1,1.25,123.4
31/01/2022,1.4,1.435,1.4,1.43,1.410276,5760241,0.1,1.25,123.4
1/02/2022,1.445,1.475,1.425,1.45,1.43,8562346,0.1,1.25,123.4
2/02/2022,1.465,1.48,1.435,1.47,1.47,7315020,0.1,1.25,123.4
3/02/2022,1.465,1.465,1.385,1.415,1.415,9227784,0.1,1.25,123.4
4/02/2022,1.42,1.43,1.39,1.43,1.43,7943435,0.1,1.25,123.4
7/02/2022,1.43,1.48,1.43,1.465,1.465,7064481,0.1,1.25,123.4
8/02/2022,1.47,1.51,1.45,1.455,1.455,7217113,0.1,1.25,123.4
9/02/2022,1.455,1.455,1.455,1.455,1.455,0,0.1,1.25,123.4
10/02/2022,1.405,1.455,1.4,1.435,1.435,13578952,0.1,1.25,123.4
11/02/2022,1.42,1.465,1.41,1.43,1.43,8779518,0.1,1.25,123.4
14/02/2022,1.41,1.435,1.385,1.405,1.405,13013142,0.1,1.25,123.4
15/02/2022,1.385,1.415,1.345,1.375,1.375,13504865,0.1,1.25,123.4
16/02/2022,1.4,1.4,1.36,1.38,1.38,10624490,0.1,1.25,123.4
17/02/2022,1.38,1.395,1.35,1.355,1.355,7660117,0.1,1.25,123.4
18/02/2022,1.35,1.375,1.335,1.36,1.36,11033161,0.1,1.25,123.4
21/02/2022,1.34,1.36,1.32,1.34,1.34,7340096,0.1,1.25,123.4
22/02/2022,1.32,1.345,1.31,1.34,1.34,15003163,0.1,1.25,123.4
23/02/2022,1.355,1.45,1.355,1.45,1.45,11969045,0.1,1.25,123.4
24/02/2022,1.415,1.455,1.405,1.445,1.445,20156453,0.1,1.25,123.4
25/02/2022,1.465,1.54,1.46,1.54,1.54,16714888,0.1,1.25,123.4
28/02/2022,1.545,1.56,1.505,1.525,1.525,12369938,0.1,1.25,123.4
1/03/2022,1.55,1.57,1.515,1.54,1.54,12623463,0.1,1.25,123.4
2/03/2022,1.57,1.585,1.54,1.55,1.55,14432279,0.1,1.25,123.4
3/03/2022,1.59,1.65,1.59,1.63,1.63,14568922,0.1,1.25,123.4
4/03/2022,1.66,1.68,1.58,1.605,1.605,13587659,0.1,1.25,123.4
7/03/2022,1.65,1.665,1.59,1.65,1.65,15934232,0.1,1.25,123.4
8/03/2022,1.75,1.79,1.475,1.475,1.475,55028547,0.1,1.25,123.4
9/03/2022,1.36,1.43,1.135,1.405,1.405,211469723,0.1,1.25,123.4
10/03/2022,1.34,1.365,1.12,1.22,1.22,106814164,0.1,1.25,123.4
11/03/2022,1.295,1.305,1.2,1.2,1.2,57465747,0.1,1.25,123.4
14/03/2022,1.205,1.215,1.145,1.15,1.15,32271235,0.1,1.25,123.4
15/03/2022,1.15,1.19,1.14,1.155,1.155,37913042,0.1,1.25,123.4
16/03/2022,1.185,1.2225,1.145,1.2,1.2,23472407,0.1,0.5,123.4
17/03/2022,1.23,1.29,1.22,1.26,1.26,27946945,0.1,0.5,123.4
18/03/2022,1.285,1.285,1.25,1.265,1.265,17353863,0.1,0.5,123.4
21/03/2022,1.285,1.315,1.26,1.27,1.27,21934043,0.1,0.5,123.4
22/03/2022,1.28,1.305,1.27,1.29,1.29,16039682,0.1,0.5,123.4
23/03/2022,1.31,1.3525,1.28,1.34,1.34,19928940,0.1,0.5,123.4
24/03/2022,1.365,1.37,1.2925,1.295,1.295,19985147,0.1,0.5,123.4
25/03/2022,1.325,1.33,1.275,1.285,1.285,16836241,0.1,0.5,123.4
28/03/2022,1.295,1.32,1.28,1.28,1.28,10558333,0.1,0.5,123.4
29/03/2022,1.3,1.3,1.275,1.295,1.295,16802188,0.1,0.5,123.4
30/03/2022,1.3,1.3,1.255,1.265,1.265,17370537,0.1,0.5,125
31/03/2022,1.265,1.2775,1.245,1.265,1.265,19357538,0.1,0.5,125
1/04/2022,1.26,1.285,1.24,1.28,1.28,10436440,0.1,0.5,125
4/04/2022,1.285,1.325,1.28,1.325,1.325,11872967,0.1,0.5,125
5/04/2022,1.335,1.355,1.31,1.315,1.315,11902923,0.1,0.5,125
6/04/2022,1.29,1.295,1.235,1.24,1.24,21185937,0.1,0.5,125
7/04/2022,1.23,1.245,1.21,1.215,1.215,10918143,0.1,0.5,125
8/04/2022,1.235,1.265,1.22,1.26,1.26,7630295,0.1,0.5,125
11/04/2022,1.265,1.275,1.235,1.25,1.25,9452754,0.1,0.5,125
12/04/2022,1.26,1.265,1.2225,1.23,1.23,8123362,0.1,0.5,125
13/04/2022,1.245,1.26,1.2275,1.245,1.245,7814174,0.1,0.5,125
14/04/2022,1.255,1.27,1.235,1.255,1.255,7625273,0.1,0.5,125
19/04/2022,1.27,1.29,1.2525,1.265,1.265,12740352,0.1,0.5,125
20/04/2022,1.265,1.27,1.245,1.25,1.25,10158153,0.1,0.5,125
21/04/2022,1.27,1.27,1.225,1.225,1.225,6975904,0.1,0.5,125
22/04/2022,1.215,1.215,1.18,1.185,1.185,12212464,0.1,0.5,125
26/04/2022,1.16,1.16,1.1225,1.145,1.145,15502650,0.1,0.5,125
27/04/2022,1.125,1.16,1.115,1.155,1.155,14630986,0.1,0.5,125
28/04/2022,1.215,1.23,1.175,1.225,1.225,18378687,0.1,0.5,125
29/04/2022,1.26,1.32,1.24,1.315,1.315,21268878,0.1,0.5,125
2/05/2022,1.29,1.33,1.275,1.31,1.31,9806307,0.1,0.5,125
3/05/2022,1.315,1.355,1.315,1.33,1.33,12097356,0.1,0.5,125
4/05/2022,1.345,1.35,1.265,1.27,1.27,9638388,0.1,1,125
5/05/2022,1.3,1.325,1.28,1.29,1.29,8676315,0.35,1,125
6/05/2022,1.255,1.27,1.2275,1.255,1.255,11341749,0.35,1,125
9/05/2022,1.24,1.24,1.18,1.19,1.19,15697722,0.35,1,125
10/05/2022,1.15,1.165,1.11,1.155,1.155,14017710,0.35,1,125
11/05/2022,1.13,1.175,1.12,1.155,1.155,14728964,0.35,1,125
12/05/2022,1.14,1.165,1.1125,1.115,1.115,12706629,0.35,1,125
13/05/2022,1.13,1.16,1.125,1.15,1.15,9082398,0.35,1,125
16/05/2022,1.155,1.1725,1.145,1.16,1.16,9661638,0.35,1,125
17/05/2022,1.165,1.195,1.155,1.195,1.195,6798051,0.35,1,125
18/05/2022,1.22,1.245,1.205,1.24,1.24,8211809,0.35,1,125
19/05/2022,1.19,1.23,1.17,1.215,1.215,8435392,0.35,1,125
20/05/2022,1.235,1.295,1.23,1.29,1.29,13970743,0.35,1,125
23/05/2022,1.29,1.315,1.2825,1.295,1.295,8330701,0.35,1,125
24/05/2022,1.295,1.3,1.255,1.265,1.265,6898949,0.35,1,125
25/05/2022,1.27,1.275,1.24,1.245,1.245,6404518,0.35,1,125
26/05/2022,1.24,1.245,1.215,1.225,1.225,6719600,0.35,1,125
27/05/2022,1.255,1.255,1.23,1.23,1.23,3780493,0.35,1,125
30/05/2022,1.26,1.275,1.245,1.27,1.27,6254563,0.35,1,125
31/05/2022,1.27,1.295,1.255,1.285,1.285,10359033,0.35,1,125
1/06/2022,1.28,1.28,1.225,1.24,1.24,7813937,0.35,1,125
2/06/2022,1.215,1.24,1.21,1.215,1.215,7788032,0.35,1,125
3/06/2022,1.235,1.295,1.235,1.295,1.295,7536072,0.35,1,125
6/06/2022,1.275,1.285,1.255,1.265,1.265,5369589,0.35,1,125
7/06/2022,1.26,1.265,1.2375,1.255,1.255,6992878,0.35,1,125
8/06/2022,1.235,1.2475,1.215,1.23,1.23,10219001,0.35,1,125
9/06/2022,1.215,1.23,1.175,1.175,1.175,8396741,0.85,1,125
10/06/2022,1.165,1.165,1.13,1.165,1.165,10137687,0.85,1,125
14/06/2022,1.095,1.095,1.035,1.065,1.065,18697576,0.85,1,125
15/06/2022,1.055,1.085,1.045,1.05,1.05,12858004,0.85,1.75,125
16/06/2022,1.075,1.1,1.07,1.08,1.08,7934160,0.85,1.75,125
17/06/2022,1.03,1.05,1.0275,1.05,1.05,78973036,0.85,1.75,125
20/06/2022,1.04,1.045,0.98,0.995,0.995,10866857,0.85,1.75,125
21/06/2022,1.02,1.065,1.005,1.055,1.055,11648605,0.85,1.75,125
22/06/2022,1.055,1.07,1.04,1.05,1.05,7088030,0.85,1.75,125
23/06/2022,1.045,1.045,1,1.01,1.01,8607799,0.85,1.75,125
24/06/2022,1,1.025,0.9975,1.01,1.01,7840743,0.85,1.75,125
27/06/2022,1.045,1.055,1.03,1.035,1.035,10941510,0.85,1.75,125
28/06/2022,1.035,1.075,1.035,1.075,1.075,5585001,0.85,1.75,125
29/06/2022,1.05,1.065,1,1,1,5743085,0.85,1.75,125
30/06/2022,1.005,1.0125,0.975,0.975,0.975,8002603,0.85,1.75,125
1/07/2022,0.995,0.995,0.96,0.965,0.965,6164137,0.85,1.75,125
4/07/2022,0.985,0.99,0.955,0.96,0.96,5771910,0.85,1.75,125
5/07/2022,0.97,0.985,0.96,0.975,0.975,7021408,0.85,1.75,125
6/07/2022,0.96,0.965,0.905,0.905,0.905,14396078,1.35,1.75,125
7/07/2022,0.92,0.945,0.91,0.94,0.94,9435104,1.35,1.75,125
8/07/2022,0.96,0.98,0.9475,0.955,0.955,5782343,1.35,1.75,125
11/07/2022,0.98,0.98,0.935,0.94,0.94,7609032,1.35,1.75,125
12/07/2022,0.92,0.945,0.915,0.915,0.915,8031453,1.35,1.75,125
13/07/2022,0.92,0.925,0.905,0.915,0.915,12673850,1.35,1.75,125
14/07/2022,0.92,0.95,0.915,0.95,0.95,9433273,1.35,1.75,125
15/07/2022,0.91,0.92,0.89,0.895,0.895,7538543,1.35,1.75,125
18/07/2022,0.915,0.925,0.9025,0.915,0.915,4181373,1.35,1.75,125
19/07/2022,0.925,0.96,0.925,0.935,0.935,7098147,1.35,1.75,125
20/07/2022,0.96,0.995,0.9525,0.985,0.985,9116631,1.35,1.75,125
21/07/2022,1.01,1.03,1,1.025,1.025,7432851,1.35,1.75,125
22/07/2022,1.03,1.03,1,1,1,6879118,1.35,1.75,125
25/07/2022,1.015,1.04,1.01,1.03,1.03,7200506,1.35,1.75,125
26/07/2022,1.045,1.085,1.035,1.085,1.085,11175891,1.35,1.75,125
27/07/2022,1.07,1.07,1.035,1.055,1.055,8207216,1.35,2.5,125
28/07/2022,1.075,1.0875,1.04,1.085,1.085,9352717,1.35,2.5,125
29/07/2022,1.1,1.105,1.085,1.085,1.085,24219681,1.35,2.5,125
1/08/2022,1.1,1.105,1.0575,1.07,1.07,12402984,1.35,2.5,125
2/08/2022,1.06,1.075,1.035,1.055,1.055,11196804,1.35,2.5,125
